,gene_ids
LINC01128,ENSG00000228794
HES4,ENSG00000188290
ISG15,ENSG00000187608
LINC01342,ENSG00000223823
TNFRSF18,ENSG00000186891
TNFRSF4,ENSG00000186827
C1QTNF12,ENSG00000184163
TAS1R3,ENSG00000169962
MXRA8,ENSG00000162576
AL645728.1,ENSG00000215014
MIB2,ENSG00000197530
MMP23B,ENSG00000189409
PLCH2,ENSG00000149527
AL139246.5,ENSG00000272449
TNFRSF14-AS1,ENSG00000238164
TPRG1L,ENSG00000158109
SMIM1,ENSG00000235169
ESPN,ENSG00000187017
TNFRSF25,ENSG00000215788
UTS2,ENSG00000049247
TNFRSF9,ENSG00000049249
CA6,ENSG00000131686
RBP7,ENSG00000162444
UBE4B,ENSG00000130939
CORT,ENSG00000241563
CASZ1,ENSG00000130940
FBXO2,ENSG00000116661
FBXO44,ENSG00000132879
AL021155.5,ENSG00000285646
MFN2,ENSG00000116688
MIIP,ENSG00000116691
TNFRSF1B,ENSG00000028137
DDI2,ENSG00000197312
BX284668.6,ENSG00000272426
PADI4,ENSG00000159339
IFFO2,ENSG00000169991
UBR4,ENSG00000127481
UBXN10,ENSG00000162543
CAMK2N1,ENSG00000162545
CDA,ENSG00000158825
PINK1,ENSG00000158828
PINK1-AS,ENSG00000117242
AL031005.1,ENSG00000236936
RAP1GAP,ENSG00000076864
HSPG2,ENSG00000142798
C1QA,ENSG00000173372
C1QC,ENSG00000159189
C1QB,ENSG00000173369
TCEA3,ENSG00000204219
E2F2,ENSG00000007968
ID3,ENSG00000117318
MDS2,ENSG00000197880
ELOA-AS1,ENSG00000236810
PITHD1,ENSG00000057757
FUCA1,ENSG00000179163
CNR2,ENSG00000188822
NIPAL3,ENSG00000001461
RCAN3AS,ENSG00000286061
RCAN3,ENSG00000117602
NCMAP-DT,ENSG00000264443
RUNX3,ENSG00000020633
RHD,ENSG00000187010
RHCE,ENSG00000188672
MACO1,ENSG00000204178
LDLRAP1,ENSG00000157978
AL031280.1,ENSG00000233478
STMN1,ENSG00000117632
PAFAH2,ENSG00000158006
CD52,ENSG00000169442
ZNF683,ENSG00000176083
SFN,ENSG00000175793
WDTC1,ENSG00000142784
SYTL1,ENSG00000142765
WASF2,ENSG00000158195
FGR,ENSG00000000938
IFI6,ENSG00000126709
AL360012.1,ENSG00000270103
EPB41,ENSG00000159023
TMEM200B,ENSG00000253304
MATN1,ENSG00000162510
MATN1-AS1,ENSG00000186056
FABP3,ENSG00000121769
KPNA6,ENSG00000025800
AL049795.2,ENSG00000250135
FAM167B,ENSG00000183615
LCK,ENSG00000182866
FAM229A,ENSG00000225828
BSDC1,ENSG00000160058
TMEM54,ENSG00000121900
AC004865.2,ENSG00000239636
CLSPN,ENSG00000092853
TRAPPC3,ENSG00000054116
CSF3R,ENSG00000119535
C1orf109,ENSG00000116922
CDCA8,ENSG00000134690
YRDC,ENSG00000196449
POU3F1,ENSG00000185668
LINC01685,ENSG00000238063
KCNQ4,ENSG00000117013
SVBP,ENSG00000177868
ERMAP,ENSG00000164010
AL512353.1,ENSG00000228192
SLC2A1,ENSG00000117394
SLC2A1-AS1,ENSG00000227533
CDC20,ENSG00000117399
PTPRF,ENSG00000142949
CCDC24,ENSG00000159214
SLC6A9,ENSG00000196517
AL139220.2,ENSG00000230615
HECTD3,ENSG00000126107
UROD,ENSG00000126088
TESK2,ENSG00000070759
PRDX1,ENSG00000117450
CCDC17,ENSG00000159588
GPBP1L1,ENSG00000159592
MKNK1-AS1,ENSG00000269956
MKNK1,ENSG00000079277
MOB3C,ENSG00000142961
CYP4A22-AS1,ENSG00000225506
LINC00853,ENSG00000224805
PDZK1IP1,ENSG00000162366
TAL1,ENSG00000162367
AL135960.1,ENSG00000226252
LINC01389,ENSG00000225762
AL592182.3,ENSG00000284645
CDKN2C,ENSG00000123080
LINC01562,ENSG00000203356
RNF11,ENSG00000123091
AL162430.2,ENSG00000236434
TTC39A,ENSG00000085831
SHISAL2A,ENSG00000182183
ECHDC2,ENSG00000121310
PODN,ENSG00000174348
SLC1A7,ENSG00000162383
AL606760.3,ENSG00000259818
TMEM59,ENSG00000116209
SSBP3,ENSG00000157216
TTC22,ENSG00000006555
LEXM,ENSG00000162398
USP24,ENSG00000162402
MIR4422HG,ENSG00000231090
DAB1,ENSG00000173406
NFIA,ENSG00000162599
PATJ,ENSG00000132849
FOXD3,ENSG00000187140
DNAJC6,ENSG00000116675
LEPROT,ENSG00000213625
LEPR,ENSG00000116678
AC119800.1,ENSG00000237852
PDE4B,ENSG00000184588
SGIP1,ENSG00000118473
GADD45A,ENSG00000116717
DEPDC1,ENSG00000024526
ANKRD13C,ENSG00000118454
FPGT,ENSG00000254685
ERICH3,ENSG00000178965
AC135803.1,ENSG00000272864
AC093433.2,ENSG00000287870
AK5,ENSG00000154027
AC093575.1,ENSG00000287647
DNAJB4,ENSG00000162616
AC103591.3,ENSG00000273338
IFI44L,ENSG00000137959
LINC01781,ENSG00000234184
C1orf52,ENSG00000162642
ODF2L,ENSG00000122417
PKN2-AS1,ENSG00000237505
GTF2B,ENSG00000137947
GBP1,ENSG00000117228
GBP2,ENSG00000162645
GBP4,ENSG00000162654
AC099063.4,ENSG00000284734
GBP5,ENSG00000154451
TGFBR3,ENSG00000069702
GFI1,ENSG00000162676
FNBP1L,ENSG00000137942
GCLM,ENSG00000023909
TLCD4,ENSG00000152078
AC092802.1,ENSG00000226026
RWDD3,ENSG00000122481
AC092802.4,ENSG00000287919
RTCA-AS1,ENSG00000224616
RTCA,ENSG00000137996
CDC14A,ENSG00000079335
VCAM1,ENSG00000162692
AL109741.1,ENSG00000225938
S1PR1,ENSG00000170989
NTNG1,ENSG00000162631
STXBP3,ENSG00000116266
TMEM167B,ENSG00000215717
SARS,ENSG00000031698
AMIGO1,ENSG00000181754
GSTM2,ENSG00000213366
AL160006.1,ENSG00000258634
LINC02586,ENSG00000224965
LAMTOR5-AS1,ENSG00000224699
LAMTOR5,ENSG00000134248
AL365361.1,ENSG00000259834
LRIF1,ENSG00000121931
AL360270.3,ENSG00000273010
AL355816.2,ENSG00000273221
DENND2D,ENSG00000162777
CHI3L2,ENSG00000064886
RHOC,ENSG00000155366
LINC01356,ENSG00000215866
SLC16A1,ENSG00000155380
SLC16A1-AS1,ENSG00000226419
AL390242.1,ENSG00000287807
PTPN22,ENSG00000134242
HIPK1-AS1,ENSG00000235527
HIPK1,ENSG00000163349
DENND2C,ENSG00000175984
AMPD1,ENSG00000116748
CD2,ENSG00000116824
AL157902.1,ENSG00000236866
TENT5C,ENSG00000183508
REG4,ENSG00000134193
SEC22B,ENSG00000265808
AC253572.2,ENSG00000287979
LINC00623,ENSG00000226067
AC239800.2,ENSG00000232721
LINC02591,ENSG00000263590
AC246785.3,ENSG00000237343
AC245014.3,ENSG00000276216
CD160,ENSG00000117281
AC239799.2,ENSG00000287190
AC245407.2,ENSG00000287978
LINC01138,ENSG00000274020
PPIAL4G,ENSG00000236334
NUDT4B,ENSG00000177144
AC245297.3,ENSG00000274265
HIST2H2BF,ENSG00000203814
HIST2H4B,ENSG00000270276
HIST2H2AC,ENSG00000184260
OTUD7B,ENSG00000264522
ANP32E,ENSG00000143401
GOLPH3L,ENSG00000143457
CTSS,ENSG00000163131
C1orf56,ENSG00000143443
PSMD4,ENSG00000159352
PI4KB,ENSG00000143393
SELENBP1,ENSG00000143416
AL589765.5,ENSG00000268288
THEM5,ENSG00000196407
THEM4,ENSG00000159445
AL450992.1,ENSG00000229021
S100A11,ENSG00000163191
S100A9,ENSG00000163220
S100A12,ENSG00000163221
S100A8,ENSG00000143546
S100A4,ENSG00000196154
ATP8B2,ENSG00000143515
AL451085.1,ENSG00000270361
PBXIP1,ENSG00000163346
CKS1B,ENSG00000173207
ASH1L-AS1,ENSG00000235919
YY1AP1,ENSG00000163374
SYT11,ENSG00000132718
RIT1,ENSG00000143622
LMNA,ENSG00000160789
HDGF,ENSG00000143321
SH2D2A,ENSG00000027869
LINC02772,ENSG00000271736
FCRL5,ENSG00000143297
FCRL3,ENSG00000160856
FCRL2,ENSG00000132704
FCRL1,ENSG00000163534
CD5L,ENSG00000073754
CD1C,ENSG00000158481
OR10Z1,ENSG00000198967
SPTA1,ENSG00000163554
MNDA,ENSG00000163563
PYHIN1,ENSG00000163564
AIM2,ENSG00000163568
ACKR1,ENSG00000213088
FCER1A,ENSG00000179639
FCRL6,ENSG00000181036
AL590560.2,ENSG00000256029
AL121987.2,ENSG00000227741
DCAF8,ENSG00000132716
AL139011.1,ENSG00000228606
SLAMF6,ENSG00000162739
SLAMF1,ENSG00000117090
SLAMF7,ENSG00000026751
LY9,ENSG00000122224
ITLN1,ENSG00000179914
PPOX,ENSG00000143224
B4GALT3,ENSG00000158850
FCER1G,ENSG00000158869
FCGR2A,ENSG00000143226
FCGR3A,ENSG00000203747
FCGR3B,ENSG00000162747
FCGR2B,ENSG00000072694
FCRLA,ENSG00000132185
SH2D1B,ENSG00000198574
UHMK1,ENSG00000152332
AL596325.1,ENSG00000259788
NUF2,ENSG00000143228
PBX1,ENSG00000185630
AL391001.1,ENSG00000269887
MGST3,ENSG00000143198
CD247,ENSG00000198821
AL359962.3,ENSG00000287218
AL359962.2,ENSG00000273160
CREG1,ENSG00000143162
AL031733.2,ENSG00000241666
MPC2,ENSG00000143158
DCAF6,ENSG00000143164
XCL2,ENSG00000143185
XCL1,ENSG00000143184
SELL,ENSG00000188404
FMO1,ENSG00000010932
PIGC,ENSG00000135845
C1orf105,ENSG00000180999
SUCO,ENSG00000094975
FASLG,ENSG00000117560
Z97198.1,ENSG00000224000
PRDX6,ENSG00000117592
ZBTB37,ENSG00000185278
RABGAP1L,ENSG00000152061
Z99127.4,ENSG00000287697
KIAA0040,ENSG00000235750
TNR,ENSG00000116147
AL137796.1,ENSG00000273384
AL449106.1,ENSG00000273062
RALGPS2,ENSG00000116191
ANGPTL1,ENSG00000116194
FAM20B,ENSG00000116199
TOR1AIP2,ENSG00000169905
XPR1,ENSG00000143324
GLUL,ENSG00000135821
RGS16,ENSG00000143333
NPL,ENSG00000135838
AL355999.1,ENSG00000287808
NCF2,ENSG00000116701
COLGALT2,ENSG00000198756
C1orf21,ENSG00000116667
TRMT1L,ENSG00000121486
SWT1,ENSG00000116668
PTGS2,ENSG00000073756
AL136987.1,ENSG00000236069
RGS1,ENSG00000090104
RGS2,ENSG00000116741
B3GALT2,ENSG00000162630
AL138778.1,ENSG00000286285
AL136456.1,ENSG00000227240
ASPM,ENSG00000066279
CRB1,ENSG00000134376
NEK7,ENSG00000151414
AL450352.1,ENSG00000287989
AL157402.1,ENSG00000223881
KIF21B,ENSG00000116852
ASCL5,ENSG00000232237
TMEM9,ENSG00000116857
SHISA4,ENSG00000198892
LMOD1,ENSG00000163431
LGR6,ENSG00000133067
UBE2T,ENSG00000077152
KDM5B,ENSG00000117139
KLHL12,ENSG00000117153
ADIPOR1,ENSG00000159346
CYB5R1,ENSG00000159348
TMEM183A,ENSG00000163444
LINC01136,ENSG00000233791
BTG2,ENSG00000159388
ATP2B4,ENSG00000058668
LAX1,ENSG00000122188
AL592146.2,ENSG00000286572
SOX13,ENSG00000143842
LRRN2,ENSG00000170382
DSTYK,ENSG00000133059
TMCC2,ENSG00000133069
KLHDC8A,ENSG00000162873
RAB29,ENSG00000117280
CTSE,ENSG00000196188
DYRK3,ENSG00000143479
IL24,ENSG00000162892
FCMR,ENSG00000162894
C1orf116,ENSG00000182795
YOD1,ENSG00000180667
CD55,ENSG00000196352
CR2,ENSG00000117322
CR1,ENSG00000203710
AL137789.1,ENSG00000236911
CR1L,ENSG00000197721
G0S2,ENSG00000123689
RCOR3,ENSG00000117625
TRAF5,ENSG00000082512
SLC30A1,ENSG00000170385
NEK2,ENSG00000117650
TATDN3,ENSG00000203705
CENPF,ENSG00000117724
RRP15,ENSG00000067533
SLC30A10,ENSG00000196660
AIDA,ENSG00000186063
BROX,ENSG00000162819
FAM177B,ENSG00000197520
CAPN8,ENSG00000203697
TP53BP2,ENSG00000143514
WDR26,ENSG00000162923
CNIH3,ENSG00000143786
AL591895.1,ENSG00000242861
TMEM63A,ENSG00000196187
PYCR2,ENSG00000143811
SDE2,ENSG00000143751
ITPKB,ENSG00000143772
ITPKB-IT1,ENSG00000228382
AL731702.1,ENSG00000286389
ARF1,ENSG00000143761
GUK1,ENSG00000143774
GJC2,ENSG00000198835
IBA57-DT,ENSG00000203684
IBA57,ENSG00000181873
OBSCN-AS1,ENSG00000162913
OBSCN,ENSG00000154358
HIST3H2A,ENSG00000181218
HIST3H2BB,ENSG00000196890
RNF187,ENSG00000168159
ACTA1,ENSG00000143632
ABCB10,ENSG00000135776
TSNAX,ENSG00000116918
LINC00582,ENSG00000229228
PCNX2,ENSG00000135749
KCNK1,ENSG00000135750
COA6-AS1,ENSG00000231663
GGPS1,ENSG00000152904
AL357556.4,ENSG00000285177
LYST,ENSG00000143669
AL359921.2,ENSG00000273058
MTRNR2L11,ENSG00000270188
CHRM3-AS2,ENSG00000233355
WDR64,ENSG00000162843
AL645465.1,ENSG00000240963
AC104335.1,ENSG00000286216
NLRP3,ENSG00000162711
TRIM58,ENSG00000162722
OR2W3,ENSG00000238243
OR2T8,ENSG00000177462
OR2G6,ENSG00000188558
SH3BP5L,ENSG00000175137
FAM110C,ENSG00000184731
SH3YL1,ENSG00000035115
ACP1,ENSG00000143727
ALKAL2,ENSG00000189292
AC079779.2,ENSG00000228643
TPO,ENSG00000115705
NRIR,ENSG00000225964
CMPK2,ENSG00000134326
RSAD2,ENSG00000134321
AC017076.1,ENSG00000271947
RNF144A,ENSG00000151692
AC010904.2,ENSG00000272002
AC092580.4,ENSG00000287119
LINC01871,ENSG00000235576
LINC00298,ENSG00000235665
LINC00299,ENSG00000236790
LINC01814,ENSG00000236008
ID2-AS1,ENSG00000235092
ID2,ENSG00000115738
KIDINS220,ENSG00000134313
MBOAT2,ENSG00000143797
RRM2,ENSG00000171848
ODC1,ENSG00000115758
LINC00570,ENSG00000224177
AC099344.3,ENSG00000285569
TRIB2,ENSG00000071575
NT5C1B,ENSG00000185013
SDC1,ENSG00000115884
RHOB,ENSG00000143878
MFSD2B,ENSG00000205639
FKBP1B,ENSG00000119782
DNAJC27-AS1,ENSG00000224165
POMC,ENSG00000115138
RAB10,ENSG00000084733
HADHB,ENSG00000138029
CENPA,ENSG00000115163
NRBP1,ENSG00000115216
PPP1CB,ENSG00000213639
TOGARAM2,ENSG00000189350
YPEL5,ENSG00000119801
LBH,ENSG00000213626
YIPF4,ENSG00000119820
LTBP1,ENSG00000049323
RASGRP3,ENSG00000152689
VIT,ENSG00000205221
AC006369.1,ENSG00000236213
CYP1B1,ENSG00000138061
GALM,ENSG00000143891
LINC02580,ENSG00000230587
CAMKMT,ENSG00000143919
CRIPT,ENSG00000119878
KCNK12,ENSG00000184261
CHAC2,ENSG00000143942
PSME4,ENSG00000068878
SPTBN1,ENSG00000115306
CCDC88A,ENSG00000115355
AC007743.1,ENSG00000233251
BCL11A,ENSG00000119866
PAPOLG,ENSG00000115421
AC093159.1,ENSG00000228541
SERTAD2,ENSG00000179833
LINC02576,ENSG00000232613
C1D,ENSG00000197223
PPP3R1,ENSG00000221823
AC017083.2,ENSG00000273275
PLEK,ENSG00000115956
FBXO48,ENSG00000204923
AAK1,ENSG00000115977
ADD2,ENSG00000075340
PAIP2B,ENSG00000124374
DYSF,ENSG00000135636
EXOC6B,ENSG00000144036
RAB11FIP5,ENSG00000135631
TET3,ENSG00000187605
BOLA3,ENSG00000163170
INO80B,ENSG00000115274
MRPL53,ENSG00000204822
HTRA2,ENSG00000115317
EVA1A,ENSG00000115363
TRABD2A,ENSG00000186854
KCMF1,ENSG00000176407
GNLY,ENSG00000115523
RNF103,ENSG00000239305
RMND5A,ENSG00000153561
CD8A,ENSG00000153563
CD8B,ENSG00000172116
LINC01943,ENSG00000280721
CYTOR,ENSG00000222041
AC133644.2,ENSG00000273445
AC108479.3,ENSG00000287670
EIF2AK3-DT,ENSG00000234028
RPIA,ENSG00000153574
IGKC,ENSG00000211592
IGKV4-1,ENSG00000211598
IGKV1-5,ENSG00000243466
IGKV1-6,ENSG00000239855
IGKV1-8,ENSG00000240671
IGKV1-9,ENSG00000241755
IGKV3-11,ENSG00000241351
IGKV3-15,ENSG00000244437
IGKV1-16,ENSG00000240864
IGKV1-17,ENSG00000240382
IGKV3-20,ENSG00000239951
IGKV2-24,ENSG00000241294
IGKV1-27,ENSG00000244575
IGKV2-29,ENSG00000253998
IGKV2-30,ENSG00000243238
IGKV1-39,ENSG00000242371
IGKV1D-39,ENSG00000251546
IGKV2D-29,ENSG00000243264
IGKV1D-8,ENSG00000239819
AC103563.7,ENSG00000233850
MAL,ENSG00000172005
LINC00342,ENSG00000232931
DUSP2,ENSG00000158050
NEURL3,ENSG00000163121
CNNM3-DT,ENSG00000273265
SEMA4C,ENSG00000168758
FAM178B,ENSG00000168754
AC092636.1,ENSG00000286654
AC092683.1,ENSG00000230606
ZAP70,ENSG00000115085
MGAT4A,ENSG00000071073
LINC02611,ENSG00000226791
TSGA10,ENSG00000135951
LIPT1,ENSG00000144182
AFF3,ENSG00000144218
LONRF2,ENSG00000170500
IL1R1,ENSG00000115594
IL18R1,ENSG00000115604
IL18RAP,ENSG00000115607
AC007278.2,ENSG00000236525
AC007278.1,ENSG00000234389
MRPS9,ENSG00000135972
LINC01918,ENSG00000226508
FHL2,ENSG00000115641
NCK2,ENSG00000071051
EDAR,ENSG00000135960
MIR4435-2HG,ENSG00000172965
BCL2L11,ENSG00000153094
ANAPC1,ENSG00000153107
FBLN7,ENSG00000144152
AC092645.2,ENSG00000286545
IL1B,ENSG00000125538
LINC01191,ENSG00000234199
STEAP3,ENSG00000115107
PTPN4,ENSG00000088179
CLASP1,ENSG00000074054
GYPC,ENSG00000136732
BIN1,ENSG00000136717
LIMS2,ENSG00000072163
UGGT1,ENSG00000136731
MGAT5,ENSG00000152127
CXCR4,ENSG00000121966
ZEB2,ENSG00000169554
MBD5,ENSG00000204406
KIF5C,ENSG00000168280
LYPD6B,ENSG00000150556
MMADHC,ENSG00000168288
RBM43,ENSG00000184898
KCNJ3,ENSG00000162989
NR4A2,ENSG00000153234
GALNT5,ENSG00000136542
ACVR1C,ENSG00000123612
AC009961.1,ENSG00000226266
CD302,ENSG00000241399
TANK,ENSG00000136560
SLC4A10,ENSG00000144290
DPP4,ENSG00000197635
COBLL1,ENSG00000082438
AC019197.1,ENSG00000236283
SLC38A11,ENSG00000169507
SCN3A,ENSG00000153253
AC009495.3,ENSG00000235192
TTC21B,ENSG00000123607
MYO3B,ENSG00000071909
MYO3B-AS1,ENSG00000231898
AC007405.1,ENSG00000234350
AC007405.3,ENSG00000239467
CYBRD1,ENSG00000071967
DLX2,ENSG00000115844
ITGA6,ENSG00000091409
AC078883.1,ENSG00000225205
PDK1,ENSG00000152256
CIR1,ENSG00000138433
CHRNA1,ENSG00000138435
CHN1,ENSG00000128656
LNPK,ENSG00000144320
PDE11A,ENSG00000128655
OSBPL6,ENSG00000079156
TTN,ENSG00000155657
CCDC141,ENSG00000163492
ZNF385B,ENSG00000144331
AC104076.1,ENSG00000236153
LINC01934,ENSG00000234663
NEUROD1,ENSG00000162992
FRZB,ENSG00000162998
NCKAP1,ENSG00000061676
TFPI,ENSG00000003436
SLC40A1,ENSG00000138449
ASNSD1,ENSG00000138381
ANKAR,ENSG00000151687
C2orf88,ENSG00000187699
MFSD6,ENSG00000151690
AC067945.3,ENSG00000231858
STAT4,ENSG00000138378
NABP1,ENSG00000173559
AC013264.1,ENSG00000231621
COQ10B,ENSG00000115520
AC011997.1,ENSG00000222017
PLCL1,ENSG00000115896
SGO2,ENSG00000163535
FLACC1,ENSG00000155749
TRAK2,ENSG00000115993
STRADB,ENSG00000082146
CD28,ENSG00000178562
CTLA4,ENSG00000163599
ICOS,ENSG00000163600
ZDBF2,ENSG00000204186
ADAM23,ENSG00000114948
LINC01857,ENSG00000224137
FZD5,ENSG00000163251
PLEKHM3,ENSG00000178385
AC083900.1,ENSG00000225111
LANCL1-AS1,ENSG00000234281
IKZF2,ENSG00000030419
SPAG16-DT,ENSG00000196096
IGFBP5,ENSG00000115461
TNS1,ENSG00000079308
CXCR1,ENSG00000163464
TMBIM1,ENSG00000135926
SLC11A1,ENSG00000018280
AC097468.4,ENSG00000286606
CNPPD1,ENSG00000115649
RETREG2,ENSG00000144567
ABCB6,ENSG00000115657
ATG9A,ENSG00000198925
STK16,ENSG00000115661
TUBA4A,ENSG00000127824
DNAJB2,ENSG00000135924
PTPRN,ENSG00000054356
EPHA4,ENSG00000116106
RHBDD1,ENSG00000144468
CCL20,ENSG00000115009
TRIP12,ENSG00000153827
SP140,ENSG00000079263
ITM2C,ENSG00000135916
AC017104.1,ENSG00000224376
AC017104.6,ENSG00000286942
NMUR1,ENSG00000171596
HJURP,ENSG00000123485
LINC01891,ENSG00000231682
ARL4C,ENSG00000188042
AGAP1,ENSG00000157985
COL6A3,ENSG00000163359
UBE2F,ENSG00000184182
HES6,ENSG00000144485
PASK,ENSG00000115687
BOK,ENSG00000176720
PDCD1,ENSG00000188389
RTP5,ENSG00000188011
CHL1,ENSG00000134121
IL5RA,ENSG00000091181
SSUH2,ENSG00000125046
AC018809.2,ENSG00000269982
EMC3,ENSG00000125037
AC022007.1,ENSG00000206567
IRAK2,ENSG00000134070
COLQ,ENSG00000206561
DPH3,ENSG00000154813
OXNAD1,ENSG00000154814
AC090948.1,ENSG00000271964
AC090948.4,ENSG00000287377
DAZL,ENSG00000092345
PLCL2,ENSG00000154822
SATB1,ENSG00000182568
KCNH8,ENSG00000183960
RAB5A,ENSG00000144566
KAT2B,ENSG00000114166
SGO1,ENSG00000129810
LINC02084,ENSG00000272282
EOMES,ENSG00000163508
CMC1,ENSG00000187118
AZI2,ENSG00000163512
OSBPL10,ENSG00000144645
ZNF860,ENSG00000197385
CMTM8,ENSG00000170293
CCR4,ENSG00000183813
LINC01811,ENSG00000226320
ARPP21,ENSG00000172995
LINC02033,ENSG00000279727
TRANK1,ENSG00000168016
LRRFIP2,ENSG00000093167
AC097359.2,ENSG00000270194
OXSR1,ENSG00000172939
WDR48,ENSG00000114742
AC092053.5,ENSG00000287958
CX3CR1,ENSG00000168329
SLC25A38,ENSG00000144659
EIF1B,ENSG00000114784
TRAK1,ENSG00000182606
HIGD1A,ENSG00000181061
AC099329.1,ENSG00000235288
ACKR2,ENSG00000144648
ABHD5,ENSG00000011198
KIF15,ENSG00000163808
ZDHHC3,ENSG00000163812
TMEM158,ENSG00000249992
LZTFL1,ENSG00000163818
CCR9,ENSG00000173585
CXCR6,ENSG00000172215
CCR3,ENSG00000183625
CCR5AS,ENSG00000223552
CCRL2,ENSG00000121797
LRRC2,ENSG00000163827
ARIH2,ENSG00000177479
USP19,ENSG00000172046
KLHDC8B,ENSG00000185909
MST1,ENSG00000173531
RNF123,ENSG00000164068
IP6K1,ENSG00000176095
IFRD2,ENSG00000214706
HYAL3,ENSG00000186792
TMEM115,ENSG00000126062
CACNA2D2,ENSG00000007402
CYB561D2-1,ENSG00000271858
CISH,ENSG00000114737
PCBP4,ENSG00000090097
SFMBT1,ENSG00000163935
IL17RB,ENSG00000056736
SELENOK,ENSG00000113811
ARHGEF3,ENSG00000163947
ARF4,ENSG00000168374
ARF4-AS1,ENSG00000272146
DNASE1L3,ENSG00000163687
FHIT,ENSG00000189283
THOC7,ENSG00000163634
PSMD6,ENSG00000163636
AC092040.1,ENSG00000241111
PRICKLE2,ENSG00000163637
LRIG1,ENSG00000144749
SUCLG2-AS1,ENSG00000241316
TAFA1,ENSG00000183662
LMOD3,ENSG00000163380
LINC00877,ENSG00000241163
PPP4R2,ENSG00000163605
NSUN3,ENSG00000178694
GPR15,ENSG00000154165
AC021660.4,ENSG00000286602
CPOX,ENSG00000080819
TBC1D23,ENSG00000036054
NFKBIZ,ENSG00000144802
CBLB,ENSG00000114423
AC012020.1,ENSG00000279277
LINC01215,ENSG00000271856
DZIP3,ENSG00000198919
TRAT1,ENSG00000163519
NECTIN3,ENSG00000177707
CD96,ENSG00000153283
PLCXD2,ENSG00000240891
PHLDB2,ENSG00000144824
GCSAM,ENSG00000174500
AC092894.1,ENSG00000243081
BTLA,ENSG00000186265
ATG3,ENSG00000144848
AC078785.2,ENSG00000241219
SIDT1,ENSG00000072858
USF3,ENSG00000176542
CCDC191,ENSG00000163617
AC093010.2,ENSG00000241490
ZNF80,ENSG00000174255
TIGIT,ENSG00000181847
ZBTB20,ENSG00000181722
ZBTB20-AS1,ENSG00000241560
IGSF11,ENSG00000144847
EAF2,ENSG00000145088
CSTA,ENSG00000121552
KPNA1,ENSG00000114030
PARP15,ENSG00000173200
HEG1,ENSG00000173706
SNX4,ENSG00000114520
KLF15,ENSG00000163884
ABTB1,ENSG00000114626
RAB43,ENSG00000172780
H1FX,ENSG00000184897
TF,ENSG00000091513
RAB6B,ENSG00000154917
PCCB,ENSG00000114054
ARMC8,ENSG00000114098
ZBTB38,ENSG00000177311
AC112504.3,ENSG00000286822
TFDP2,ENSG00000114126
GK5,ENSG00000175066
XRN1,ENSG00000114127
PAQR9,ENSG00000188582
CHST2,ENSG00000175040
AC018450.1,ENSG00000241679
LINC02046,ENSG00000242440
AC069410.1,ENSG00000285557
CPB1,ENSG00000153002
CP,ENSG00000047457
AC011317.1,ENSG00000287688
SIAH2,ENSG00000181788
SIAH2-AS1,ENSG00000244265
GPR171,ENSG00000174946
P2RY14,ENSG00000174944
MBNL1-AS1,ENSG00000229619
RAP2B,ENSG00000181467
MME,ENSG00000196549
LINC02029,ENSG00000241544
PTX3,ENSG00000163661
RSRC1,ENSG00000174891
AC106707.1,ENSG00000243150
SMC4,ENSG00000113810
TRIM59,ENSG00000213186
SPTSSB,ENSG00000196542
PDCD10,ENSG00000114209
SERPINI1,ENSG00000163536
AC079822.1,ENSG00000287319
AC078802.1,ENSG00000269889
MYNN,ENSG00000085274
AC078795.2,ENSG00000270096
SAMD7,ENSG00000187033
AC008040.1,ENSG00000239219
SEC62,ENSG00000008952
SEC62-AS1,ENSG00000240373
EIF5A2,ENSG00000163577
TNIK,ENSG00000154310
NCEH1,ENSG00000144959
ECT2,ENSG00000114346
TBL1XR1,ENSG00000177565
ZMAT3,ENSG00000172667
DCUN1D1,ENSG00000043093
ABCC5,ENSG00000114770
AP2M1,ENSG00000161203
PSMD2,ENSG00000175166
FAM131A,ENSG00000175182
IGF2BP2,ENSG00000073792
ST6GAL1,ENSG00000073849
LPP-AS1,ENSG00000224563
TPRG1,ENSG00000188001
CLDN1,ENSG00000163347
CCDC50,ENSG00000152492
OPA1,ENSG00000198836
HES1,ENSG00000114315
LINC01968,ENSG00000237222
AC069213.1,ENSG00000223711
TNK2,ENSG00000061938
TNK2-AS1,ENSG00000224614
TFRC,ENSG00000072274
LINC00885,ENSG00000224652
ZDHHC19,ENSG00000163958
TM4SF19,ENSG00000145107
LMLN-AS1,ENSG00000232832
ZNF595,ENSG00000272602
DGKQ,ENSG00000145214
SPON2,ENSG00000159674
MXD4,ENSG00000123933
ZFYVE28,ENSG00000159733
ADD1,ENSG00000087274
DOK7,ENSG00000175920
LYAR,ENSG00000145220
NSG1,ENSG00000168824
STX18,ENSG00000168818
STX18-IT1,ENSG00000248221
C4orf50,ENSG00000181215
JAKMIP1,ENSG00000152969
MRFAP1,ENSG00000179010
LINC002481,ENSG00000246526
S100P,ENSG00000163993
KIAA0232,ENSG00000170871
AC097382.3,ENSG00000287104
AFAP1,ENSG00000196526
AC073648.7,ENSG00000287972
HS3ST1,ENSG00000002587
AC006230.1,ENSG00000287778
AC006296.3,ENSG00000287360
C1QTNF7,ENSG00000163145
CD38,ENSG00000004468
FGFBP2,ENSG00000137441
LDB2,ENSG00000169744
MED28,ENSG00000118579
FAM184B,ENSG00000047662
NCAPG,ENSG00000109805
SEPSECS-AS1,ENSG00000281501
SEL1L3,ENSG00000091490
TBC1D19,ENSG00000109680
STIM2,ENSG00000109689
STIM2-AS1,ENSG00000240005
LINC02506,ENSG00000251129
ARAP2,ENSG00000047365
DTHD1,ENSG00000197057
KLF3,ENSG00000109787
TLR10,ENSG00000174123
TMEM156,ENSG00000121895
SMIM14,ENSG00000163683
AC108471.3,ENSG00000286349
UBE2K,ENSG00000078140
RHOH,ENSG00000168421
APBB2,ENSG00000163697
ATP8A1,ENSG00000124406
AC096734.2,ENSG00000260519
AC080132.1,ENSG00000286891
TXK,ENSG00000074966
AC110792.3,ENSG00000272650
CHIC2,ENSG00000109220
HOPX,ENSG00000171476
SPINK2,ENSG00000128040
IGFBP7,ENSG00000163453
STAP1,ENSG00000035720
JCHAIN,ENSG00000132465
MOB1B,ENSG00000173542
DCK,ENSG00000156136
SLC4A4,ENSG00000080493
RASSF6,ENSG00000169435
CXCL8,ENSG00000169429
CXCL1,ENSG00000163739
PF4,ENSG00000163737
PPBP,ENSG00000163736
CXCL3,ENSG00000163734
CXCL2,ENSG00000081041
EREG,ENSG00000124882
AREG,ENSG00000109321
CDKL2,ENSG00000138769
CXCL9,ENSG00000138755
CXCL10,ENSG00000169245
CXCL11,ENSG00000169248
LINC01094,ENSG00000251442
AC112253.1,ENSG00000287632
BMP2K,ENSG00000138756
PAQR3,ENSG00000163291
BMP3,ENSG00000152785
AC124016.1,ENSG00000272677
LIN54,ENSG00000189308
PLAC8,ENSG00000145287
HELQ,ENSG00000163312
ARHGAP24,ENSG00000138639
AFF1,ENSG00000172493
ABCG2,ENSG00000118777
PPM1K,ENSG00000163644
PPM1K-DT,ENSG00000246375
NAP1L5,ENSG00000177432
GPRIN3,ENSG00000185477
AC093866.1,ENSG00000251095
SNCA,ENSG00000145335
SNCA-AS1,ENSG00000247775
TSPAN5,ENSG00000168785
AC114811.2,ENSG00000260641
EIF4E,ENSG00000151247
LAMTOR3,ENSG00000109270
AP001816.1,ENSG00000254531
BANK1,ENSG00000153064
UBE2D3,ENSG00000109332
CISD2,ENSG00000145354
SLC9B2,ENSG00000164038
CENPE,ENSG00000138778
CXXC4,ENSG00000168772
LEF1,ENSG00000138795
ELOVL6,ENSG00000170522
TIFA,ENSG00000145365
CAMK2D,ENSG00000145349
USP53,ENSG00000145390
TNIP3,ENSG00000050730
BBS7,ENSG00000138686
IL2,ENSG00000109471
BBS12,ENSG00000181004
FGF2,ENSG00000138685
FAT4,ENSG00000196159
AC093591.2,ENSG00000261668
MAML3,ENSG00000196782
AC096733.2,ENSG00000273472
INPP4B,ENSG00000109452
AC139720.1,ENSG00000249806
USP38,ENSG00000170185
GAB1,ENSG00000109458
AC107223.1,ENSG00000251600
GYPE,ENSG00000197465
GYPB,ENSG00000250361
AC093890.2,ENSG00000286055
GYPA,ENSG00000170180
HHIP-AS1,ENSG00000248890
ZNF827,ENSG00000151612
NR3C2,ENSG00000151623
LINC02273,ENSG00000245954
AC093599.2,ENSG00000287642
FHDC1,ENSG00000137460
TMEM131L,ENSG00000121210
RNF175,ENSG00000145428
SFRP2,ENSG00000145423
MAP9,ENSG00000164114
ETFDH,ENSG00000171503
C4orf45,ENSG00000164123
RAPGEF2,ENSG00000109756
MARCH1,ENSG00000145416
MSMO1,ENSG00000052802
CPE,ENSG00000109472
NEK1,ENSG00000137601
CLCN3,ENSG00000109572
MFAP3L,ENSG00000198948
HMGB2,ENSG00000164104
SAP30,ENSG00000164105
FBXO8,ENSG00000164117
HPGD,ENSG00000164120
GPM6A,ENSG00000150625
CFAP97,ENSG00000164323
FAT1,ENSG00000083857
CCDC127,ENSG00000164366
ZDHHC11B,ENSG00000206077
LPCAT1,ENSG00000153395
AC091978.1,ENSG00000286753
CMBL,ENSG00000164237
MARCH6,ENSG00000145495
DAP,ENSG00000112977
ANKH,ENSG00000154122
AC010491.2,ENSG00000286970
RETREG1,ENSG00000154153
AC022113.1,ENSG00000250415
BASP1,ENSG00000176788
C5orf22,ENSG00000082213
TARS,ENSG00000113407
IL7R,ENSG00000168685
CPLANE1,ENSG00000197603
DAB2,ENSG00000153071
AC108105.1,ENSG00000287597
TTC33,ENSG00000113638
PTGER4,ENSG00000171522
SELENOP,ENSG00000250722
AC025171.3,ENSG00000251131
ANXA2R,ENSG00000177721
AC112187.3,ENSG00000271752
PARP8,ENSG00000151883
ITGA1,ENSG00000213949
AC034238.1,ENSG00000240535
GZMK,ENSG00000113088
GZMA,ENSG00000145649
DHX29,ENSG00000067248
IL6ST,ENSG00000134352
AC008914.1,ENSG00000262211
AC008892.1,ENSG00000249236
GAPT,ENSG00000175857
PDE4D,ENSG00000113448
PART1,ENSG00000152931
SREK1IP1,ENSG00000153006
ADAMTS6,ENSG00000049192
TRIM23,ENSG00000113595
PIK3R1,ENSG00000145675
CCNB1,ENSG00000134057
RAD17,ENSG00000152942
TNPO1,ENSG00000083312
AC008972.2,ENSG00000272081
FCHO2,ENSG00000157107
TMEM171,ENSG00000157111
ANKRA2,ENSG00000164331
ARHGEF28,ENSG00000214944
ENC1,ENSG00000171617
FAM169A,ENSG00000198780
AC116337.4,ENSG00000287701
GCNT4,ENSG00000176928
AC008897.2,ENSG00000247372
F2R,ENSG00000181104
CRHBP,ENSG00000145708
JMY,ENSG00000152409
DHFR,ENSG00000228716
RASGRF2,ENSG00000113319
SSBP2,ENSG00000145687
VCAN,ENSG00000038427
TMEM161B-AS1,ENSG00000247828
MEF2C,ENSG00000081189
CETN3,ENSG00000153140
LYSMD3,ENSG00000176018
LUCAT1,ENSG00000248323
AC106818.2,ENSG00000287180
RFESD,ENSG00000175449
SPATA9,ENSG00000145757
ELL2,ENSG00000118985
AC009126.1,ENSG00000247121
LIX1-AS1,ENSG00000251513
LIX1,ENSG00000145721
AC008883.3,ENSG00000286828
RGMB,ENSG00000174136
LINC02062,ENSG00000248489
SLCO4C1,ENSG00000173930
C5orf30,ENSG00000181751
EFNA5,ENSG00000184349
AC012603.1,ENSG00000271849
CAMK4,ENSG00000152495
EPB41L4A,ENSG00000129595
DCP2,ENSG00000172795
CCDC112,ENSG00000164221
AC008549.2,ENSG00000249021
CDO1,ENSG00000129596
HSD17B4,ENSG00000133835
SNX2,ENSG00000205302
MARCH3,ENSG00000173926
C5orf63,ENSG00000164241
RAPGEF6,ENSG00000158987
ACSL6,ENSG00000164398
P4HA2,ENSG00000072682
SLC22A4,ENSG00000197208
C5orf56,ENSG00000197536
AC116366.2,ENSG00000238160
IL4,ENSG00000113520
AC004039.1,ENSG00000230612
KIF3A,ENSG00000131437
TCF7,ENSG00000081059
SKP1,ENSG00000113558
UBE2B,ENSG00000119048
JADE2,ENSG00000043143
CXCL14,ENSG00000145824
TGFBI,ENSG00000120708
BRD8,ENSG00000112983
FAM53C,ENSG00000120709
EGR1,ENSG00000120738
PAIP2,ENSG00000120727
MZB1,ENSG00000170476
NRG2,ENSG00000158458
MALINC1,ENSG00000245146
CYSTM1,ENSG00000120306
HBEGF,ENSG00000113070
CD14,ENSG00000170458
ZMAT2,ENSG00000146007
AC005618.1,ENSG00000272070
PCDHGB6,ENSG00000253305
PCDH1,ENSG00000156453
RNF14,ENSG00000013561
PPP2R2B,ENSG00000156475
JAKMIP2,ENSG00000176049
ADRB2,ENSG00000169252
ARHGEF37,ENSG00000183111
CSF1R,ENSG00000182578
PDGFRB,ENSG00000113721
CD74,ENSG00000019582
DCTN4,ENSG00000132912
IRGM,ENSG00000237693
TNIP1,ENSG00000145901
SLC36A1,ENSG00000123643
AC011337.1,ENSG00000271795
GALNT10,ENSG00000164574
FAXDC2,ENSG00000170271
SGCD,ENSG00000170624
TIMD4,ENSG00000145850
ITK,ENSG00000113263
AC010609.1,ENSG00000253980
CYFIP2,ENSG00000055163
ADAM19,ENSG00000135074
LINC02227,ENSG00000276778
EBF1,ENSG00000164330
AC008691.1,ENSG00000249738
TTC1,ENSG00000113312
CCNJL,ENSG00000135083
SLU7,ENSG00000164609
PTTG1,ENSG00000164611
HMMR,ENSG00000072571
MAT2B,ENSG00000038274
PANK3,ENSG00000120137
SLIT3,ENSG00000184347
C5orf58,ENSG00000234511
AC110011.1,ENSG00000253628
AC008378.1,ENSG00000253172
CPEB4,ENSG00000113742
AC139491.4,ENSG00000251458
KIAA1191,ENSG00000122203
TSPAN17,ENSG00000048140
UIMC1,ENSG00000087206
ZNF346,ENSG00000113761
MXD3,ENSG00000213347
PDLIM7,ENSG00000196923
FAM193B,ENSG00000146067
B4GALT7,ENSG00000027847
FAM153A,ENSG00000170074
AC140125.3,ENSG00000249186
AC106795.3,ENSG00000250101
AC106795.2,ENSG00000249684
FAM153CP,ENSG00000204677
CLK4,ENSG00000113240
ZNF354A,ENSG00000169131
SQSTM1,ENSG00000161011
BTNL9,ENSG00000165810
LINC01962,ENSG00000248473
AL035696.4,ENSG00000285578
IRF4,ENSG00000137265
MYLK4,ENSG00000145949
AL133351.1,ENSG00000224846
TUBB2A,ENSG00000137267
SLC22A23,ENSG00000137266
CDYL,ENSG00000153046
AL356747.1,ENSG00000284823
AL136307.1,ENSG00000233064
LY86-AS1,ENSG00000216863
AL031123.1,ENSG00000226281
DSP,ENSG00000096696
TXNDC5,ENSG00000239264
AL355499.1,ENSG00000232234
GCNT2,ENSG00000111846
TMEM14C,ENSG00000111843
TMEM14B,ENSG00000137210
ADTRP,ENSG00000111863
PHACTR1,ENSG00000112137
GFOD1,ENSG00000145990
RANBP9,ENSG00000010017
Z93020.1,ENSG00000286316
RNF182,ENSG00000180537
CD83,ENSG00000112149
AL109914.1,ENSG00000229646
MYLIP,ENSG00000007944
GMPR,ENSG00000137198
AL009031.1,ENSG00000282024
ATXN1,ENSG00000124788
RBM24,ENSG00000112183
AL138824.1,ENSG00000286885
NUP153,ENSG00000124789
SOX4,ENSG00000124766
GPLD1,ENSG00000112293
ALDH5A1,ENSG00000112294
C6orf62,ENSG00000112308
LINC02828,ENSG00000224164
HIST1H3A,ENSG00000275714
HIST1H3B,ENSG00000286522
HIST1H2AB,ENSG00000278463
HIST1H2BB,ENSG00000276410
HIST1H3C,ENSG00000287080
HIST1H1C,ENSG00000187837
HIST1H4C,ENSG00000197061
HIST1H2BC,ENSG00000180596
HIST1H2AC,ENSG00000180573
HIST1H1E,ENSG00000168298
HIST1H2BD,ENSG00000158373
HIST1H4D,ENSG00000277157
HIST1H3D,ENSG00000197409
HIST1H2BF,ENSG00000277224
HIST1H4E,ENSG00000276966
HIST1H2BG,ENSG00000273802
HIST1H2AE,ENSG00000277075
HIST1H3E,ENSG00000274750
HIST1H1D,ENSG00000124575
HIST1H3F,ENSG00000277775
HIST1H2BH,ENSG00000275713
HIST1H3G,ENSG00000273983
HIST1H4H,ENSG00000158406
BTN3A2,ENSG00000186470
BTN3A1,ENSG00000026950
BTN3A3,ENSG00000111801
HIST1H2BJ,ENSG00000124635
HIST1H2AG,ENSG00000196787
HIST1H2AH,ENSG00000274997
PRSS16,ENSG00000112812
HIST1H2AI,ENSG00000196747
HIST1H3H,ENSG00000278828
HIST1H2AJ,ENSG00000276368
HIST1H2BM,ENSG00000273703
HIST1H2BN,ENSG00000233822
HIST1H2AK,ENSG00000275221
HIST1H2AL,ENSG00000276903
HIST1H1B,ENSG00000184357
AL121944.1,ENSG00000272009
ZKSCAN8,ENSG00000198315
HCG14,ENSG00000224157
HLA-F-AS1,ENSG00000214922
TRIM10,ENSG00000204613
TRIM15,ENSG00000204610
TUBB,ENSG00000196230
IER3,ENSG00000137331
LINC00243,ENSG00000214894
AL662844.4,ENSG00000272501
LTA,ENSG00000226979
TNF,ENSG00000232810
LTB,ENSG00000227507
LST1,ENSG00000204482
NCR3,ENSG00000204475
AIF1,ENSG00000204472
BAG6,ENSG00000204463
APOM,ENSG00000204444
ABHD16A,ENSG00000204427
HSPA1B,ENSG00000204388
NELFE,ENSG00000204356
TNXB,ENSG00000168477
RNF5,ENSG00000204308
AGER,ENSG00000204305
HLA-DRA,ENSG00000204287
HLA-DRB5,ENSG00000198502
HLA-DRB1,ENSG00000196126
HLA-DQA1,ENSG00000196735
HLA-DQB1,ENSG00000179344
HLA-DQA2,ENSG00000237541
HLA-DOB,ENSG00000241106
HLA-DMB,ENSG00000242574
HLA-DMA,ENSG00000204257
HLA-DPA1,ENSG00000231389
HLA-DPB1,ENSG00000223865
ZBTB22,ENSG00000236104
PHF1,ENSG00000112511
ITPR3,ENSG00000096433
ILRUN,ENSG00000196821
AL451165.2,ENSG00000272288
MAPK13,ENSG00000156711
BRPF3,ENSG00000096070
PXT1,ENSG00000179165
KCTD20,ENSG00000112078
CPNE5,ENSG00000124772
C6orf89,ENSG00000198663
PI16,ENSG00000164530
PIM1,ENSG00000137193
TMEM217,ENSG00000172738
TBC1D22B,ENSG00000065491
AL096712.2,ENSG00000286672
CCDC167,ENSG00000198937
AL353597.1,ENSG00000227920
MDGA1,ENSG00000112139
ZFAND3,ENSG00000156639
TSPO2,ENSG00000112212
APOBEC2,ENSG00000124701
TREML2,ENSG00000112195
TREM1,ENSG00000124731
UBR2,ENSG00000024048
TBCC,ENSG00000124659
PTCRA,ENSG00000171611
YIPF3,ENSG00000137207
GTPBP2,ENSG00000172432
MAD2L1BP,ENSG00000124688
RSPH9,ENSG00000172426
VEGFA,ENSG00000112715
TMEM63B,ENSG00000137216
ENPP5,ENSG00000112796
CD2AP,ENSG00000198087
RHAG,ENSG00000112077
FBXO9,ENSG00000112146
GCM1,ENSG00000137270
GCLC,ENSG00000001084
AL033397.2,ENSG00000249379
KIAA1586,ENSG00000168116
ZNF451,ENSG00000112200
AL713998.1,ENSG00000227706
COL19A1,ENSG00000082293
LINC00472,ENSG00000233237
MYO6,ENSG00000196586
ELOVL4,ENSG00000118402
NT5E,ENSG00000135318
RNGTT,ENSG00000111880
BACH2,ENSG00000112182
AL132996.1,ENSG00000260271
MANEA-DT,ENSG00000261366
FBXL4,ENSG00000112234
AL096794.1,ENSG00000286084
PRDM1,ENSG00000057657
QRSL1,ENSG00000130348
CD24,ENSG00000272398
SOBP,ENSG00000112320
SCML4,ENSG00000146285
SNX3,ENSG00000112335
FOXO3,ENSG00000118689
SESN1,ENSG00000080546
AL390208.1,ENSG00000271730
AK9,ENSG00000155085
WASF1,ENSG00000112290
METTL24,ENSG00000053328
SLC22A16,ENSG00000004809
AC002464.1,ENSG00000260188
SLC16A10,ENSG00000112394
FYN,ENSG00000010810
MARCKS,ENSG00000277443
AL590550.1,ENSG00000287097
TSPYL1,ENSG00000189241
CALHM6,ENSG00000188820
KPNA5,ENSG00000196911
ASF1A,ENSG00000111875
AL137009.1,ENSG00000253194
FAM184A,ENSG00000111879
MAN1A1,ENSG00000111885
AL078600.1,ENSG00000287100
SERINC1,ENSG00000111897
HEY2,ENSG00000135547
NCOA7,ENSG00000111912
SOGA3,ENSG00000214338
THEMIS,ENSG00000172673
PTPRK,ENSG00000152894
TMEM244,ENSG00000203756
AL355581.1,ENSG00000227678
SAMD3,ENSG00000164483
AKAP7,ENSG00000118507
ARG1,ENSG00000118520
CCN2,ENSG00000118523
LINC01013,ENSG00000228495
MOXD1,ENSG00000079931
STX7,ENSG00000079950
VNN3,ENSG00000093134
VNN2,ENSG00000112303
SLC18B1,ENSG00000146409
TBPL1,ENSG00000028839
SGK1,ENSG00000118515
HBS1L,ENSG00000112339
WAKMAR2,ENSG00000237499
TNFAIP3,ENSG00000118503
PERP,ENSG00000112378
CCDC28A,ENSG00000024862
HECA,ENSG00000112406
AL592429.2,ENSG00000226571
CITED2,ENSG00000164442
HIVEP2,ENSG00000010818
AL355304.1,ENSG00000232618
FBXO30,ENSG00000118496
ZC3H12D,ENSG00000178199
ULBP2,ENSG00000131015
PLEKHG1,ENSG00000120278
AL450344.3,ENSG00000232891
AKAP12,ENSG00000131016
SYNE1,ENSG00000131018
FBXO5,ENSG00000112029
OPRM1,ENSG00000112038
IPCEF1,ENSG00000074706
AL355297.4,ENSG00000271551
TMEM242,ENSG00000215712
AL035634.1,ENSG00000236324
SYTL3,ENSG00000164674
AL627422.2,ENSG00000285159
AL035530.2,ENSG00000271913
SOD2,ENSG00000112096
IGF2R,ENSG00000197081
AGPAT4,ENSG00000026652
CCR6,ENSG00000112486
AL009178.2,ENSG00000269155
GPR146,ENSG00000164849
AC073957.2,ENSG00000257607
MICALL2,ENSG00000164877
MAFK,ENSG00000198517
TMEM184A,ENSG00000164855
PSMG3,ENSG00000157778
SNX8,ENSG00000106266
EIF3B,ENSG00000106263
CHST12,ENSG00000136213
GNA12,ENSG00000146535
CARD11,ENSG00000198286
AC004906.1,ENSG00000237286
AC024028.1,ENSG00000228334
RBAKDN,ENSG00000273313
WIPI2,ENSG00000157954
EIF2AK1,ENSG00000086232
ANKRD61,ENSG00000157999
ZNF853,ENSG00000236609
AC079804.3,ENSG00000287860
C1GALT1,ENSG00000106392
AC004982.1,ENSG00000272732
AC004982.2,ENSG00000272894
GLCCI1,ENSG00000106415
ARL4A,ENSG00000122644
TSPAN13,ENSG00000106537
ABCB5,ENSG00000004846
SP4,ENSG00000105866
RAPGEF5,ENSG00000136237
STEAP1B,ENSG00000105889
AC002480.2,ENSG00000232949
AC073072.1,ENSG00000179428
IL6,ENSG00000136244
STK31,ENSG00000196335
NPY,ENSG00000122585
AC005165.1,ENSG00000223561
AC005091.1,ENSG00000229893
TAX1BP1,ENSG00000106052
JAZF1,ENSG00000153814
JAZF1-AS1,ENSG00000234336
CPVL,ENSG00000106066
MTURN,ENSG00000180354
AC007036.3,ENSG00000251660
AQP1,ENSG00000240583
NT5C3A,ENSG00000122643
HERPUD2,ENSG00000122557
AOAH,ENSG00000136250
AC007349.3,ENSG00000235728
TRGC2,ENSG00000227191
TRGC1,ENSG00000211689
TRGV10,ENSG00000211694
TRGV9,ENSG00000211695
TRGV8,ENSG00000211696
TRGV7,ENSG00000249978
TRG-AS1,ENSG00000281103
TRGV4,ENSG00000211698
TRGV3,ENSG00000211699
TRGV2,ENSG00000233306
SUGCT,ENSG00000175600
STK17A,ENSG00000164543
AEBP1,ENSG00000106624
GCK,ENSG00000106633
CAMK2B,ENSG00000058404
TMED4,ENSG00000158604
OGDH,ENSG00000105953
IGFBP3,ENSG00000146674
AC073115.2,ENSG00000237471
AC073115.1,ENSG00000229628
AC124014.1,ENSG00000285165
ZNF107,ENSG00000196247
ZNF273,ENSG00000198039
AC073349.1,ENSG00000189316
AC073210.3,ENSG00000286342
AC027644.3,ENSG00000272831
SBDS,ENSG00000126524
AUTS2,ENSG00000158321
STX1A,ENSG00000106089
CLDN3,ENSG00000165215
NCF1,ENSG00000158517
CASTOR2,ENSG00000274070
AC211486.5,ENSG00000277675
AC211486.2,ENSG00000263081
TRIM73,ENSG00000178809
HSPB1,ENSG00000106211
CCDC146,ENSG00000135205
FGL2,ENSG00000127951
CD36,ENSG00000135218
SEMA3E,ENSG00000170381
GRM3,ENSG00000198822
CROT,ENSG00000005469
ABCB4,ENSG00000005471
ABCB1,ENSG00000085563
DBF4,ENSG00000006634
AC003991.2,ENSG00000254003
AC000120.1,ENSG00000243107
CDK6,ENSG00000105810
SAMD9,ENSG00000205413
HEPACAM2,ENSG00000188175
VPS50,ENSG00000004766
GNG11,ENSG00000127920
SGCE,ENSG00000127990
PEG10,ENSG00000242265
ARPC1A,ENSG00000241685
CYP3A4,ENSG00000160868
ZSCAN21,ENSG00000166529
MCM7,ENSG00000166508
STAG3,ENSG00000066923
CASTOR3,ENSG00000239521
PILRB,ENSG00000121716
PILRA,ENSG00000085514
C7orf61,ENSG00000185955
TSC22D4,ENSG00000166925
TFR2,ENSG00000106327
POP7,ENSG00000172336
ACHE,ENSG00000087085
AC105446.1,ENSG00000227053
ZNHIT1,ENSG00000106400
CLDN15,ENSG00000106404
FIS1,ENSG00000214253
AC007384.1,ENSG00000237513
CDHR3,ENSG00000128536
NAMPT,ENSG00000105835
CCDC71L,ENSG00000253276
PRKAR2B,ENSG00000005249
HBP1,ENSG00000105856
PNPLA8,ENSG00000135241
THAP5,ENSG00000177683
DNAJB9,ENSG00000128590
AC005487.1,ENSG00000225647
LRRN3,ENSG00000173114
GPR85,ENSG00000164604
AC073130.2,ENSG00000243243
FAM3C,ENSG00000196937
IQUB,ENSG00000164675
STRIP2,ENSG00000128578
UBE2H,ENSG00000186591
CPA5,ENSG00000158525
AC016831.7,ENSG00000285106
LINC00513,ENSG00000233559
AC016831.1,ENSG00000226380
AC016831.5,ENSG00000271204
AC058791.1,ENSG00000273319
LINC-PINT,ENSG00000231721
MKLN1-AS,ENSG00000236753
BPGM,ENSG00000172331
CALD1,ENSG00000122786
AC083870.1,ENSG00000286458
TMEM140,ENSG00000146859
AC083862.2,ENSG00000272941
AC083862.3,ENSG00000287733
STMP1,ENSG00000243317
ATP6V0A4,ENSG00000105929
ZC3HAV1,ENSG00000105939
KDM7A,ENSG00000006459
KDM7A-DT,ENSG00000260231
MKRN1,ENSG00000133606
AC004918.1,ENSG00000244701
MGAM,ENSG00000257335
TRBV2,ENSG00000226660
TRBV3-1,ENSG00000237702
TRBV4-1,ENSG00000211710
TRBV5-1,ENSG00000211734
TRBV6-1,ENSG00000211706
TRBV4-2,ENSG00000211745
TRBV6-2,ENSG00000283063
TRBV7-2,ENSG00000282939
TRBV9,ENSG00000211716
TRBV11-2,ENSG00000241657
TRBV5-4,ENSG00000230099
TRBV6-6,ENSG00000211724
TRBV10-3,ENSG00000275791
TRBV14,ENSG00000275743
TRBV15,ENSG00000276819
TRBV18,ENSG00000276557
TRBV19,ENSG00000211746
TRBV21-1,ENSG00000251578
TRBV23-1,ENSG00000211749
TRBV24-1,ENSG00000211750
TRBV27,ENSG00000211752
TRBV28,ENSG00000211753
AC244472.1,ENSG00000286831
TRBV29-1,ENSG00000232869
PRSS2,ENSG00000275896
TRBC1,ENSG00000211751
TRBC2,ENSG00000211772
KEL,ENSG00000197993
AC073342.1,ENSG00000231840
AC004889.1,ENSG00000244198
OR2A1-AS1,ENSG00000244479
CNTNAP2,ENSG00000174469
AC073140.1,ENSG00000286171
ZNF777,ENSG00000196453
ZNF746,ENSG00000181220
ATP6V0E2,ENSG00000171130
AC092681.3,ENSG00000273011
AC073111.4,ENSG00000284691
LINC00996,ENSG00000242258
GIMAP7,ENSG00000179144
GIMAP4,ENSG00000133574
GIMAP6,ENSG00000133561
GIMAP1,ENSG00000213203
GIMAP5,ENSG00000196329
TMEM176B,ENSG00000106565
KCNH2,ENSG00000055118
NUB1,ENSG00000013374
WDR86-AS1,ENSG00000243836
AC009403.1,ENSG00000216895
AC006372.3,ENSG00000234210
PTPRN2,ENSG00000155093
VIPR2,ENSG00000106018
AC004908.1,ENSG00000272240
CLN8,ENSG00000182372
AC100810.3,ENSG00000282021
AC100810.1,ENSG00000253982
MYOM2,ENSG00000036448
AC018398.1,ENSG00000288076
AC103957.2,ENSG00000254153
MFHAS1,ENSG00000147324
BLK,ENSG00000136573
NEIL2,ENSG00000154328
FDFT1,ENSG00000079459
CTSB,ENSG00000164733
AC025857.2,ENSG00000269899
ZDHHC2,ENSG00000104219
ASAH1,ENSG00000104763
CSGALNACT1,ENSG00000147408
AC021613.1,ENSG00000254092
XPO7,ENSG00000130227
DMTN,ENSG00000158856
REEP4,ENSG00000168476
PPP3CC,ENSG00000120910
EGR3,ENSG00000179388
AC105046.2,ENSG00000287812
AC107959.1,ENSG00000245025
TNFRSF10A-AS1,ENSG00000253930
AC104561.4,ENSG00000287166
AC104561.3,ENSG00000253986
SLC25A37,ENSG00000147454
AC023202.1,ENSG00000253891
ADAM28,ENSG00000042980
AC120193.1,ENSG00000253535
NEFL,ENSG00000277586
GNRH1,ENSG00000147437
KCTD9,ENSG00000104756
PPP2R2A,ENSG00000221914
BNIP3L,ENSG00000104765
AC011726.2,ENSG00000253430
PTK2B,ENSG00000120899
EPHX2,ENSG00000120915
ESCO2,ENSG00000171320
PNOC,ENSG00000168081
DUSP4,ENSG00000120875
AC044849.1,ENSG00000272256
LEPROTL1,ENSG00000104660
AC026979.2,ENSG00000271869
WRN,ENSG00000165392
DUSP26,ENSG00000133878
ASH2L,ENSG00000129691
LSM1,ENSG00000175324
PLPP5,ENSG00000147535
FGFR1,ENSG00000077782
PLEKHA2,ENSG00000169499
AC108863.2,ENSG00000253645
ZMAT4,ENSG00000165061
NKX6-3,ENSG00000165066
ANK1,ENSG00000029534
AC103724.4,ENSG00000271938
AP3M2,ENSG00000070718
CEBPD,ENSG00000221869
PCMTD1,ENSG00000168300
AC103831.1,ENSG00000253924
RB1CC1,ENSG00000023287
TCEA1,ENSG00000187735
SDCBP,ENSG00000137575
TOX,ENSG00000198846
CA8,ENSG00000178538
AC068389.1,ENSG00000228862
CHD7,ENSG00000171316
AC022182.2,ENSG00000254802
ADHFE1,ENSG00000147576
MYBL1,ENSG00000185697
VCPIP1,ENSG00000175073
COPS5,ENSG00000121022
NCOA2,ENSG00000140396
LACTB2-AS1,ENSG00000246366
MSC,ENSG00000178860
SBSPON,ENSG00000164764
C8orf89,ENSG00000274443
AC009686.2,ENSG00000272264
TPD52,ENSG00000076554
PAG1,ENSG00000076641
FABP5,ENSG00000164687
FABP4,ENSG00000170323
SNX16,ENSG00000104497
E2F5,ENSG00000133740
CA1,ENSG00000133742
CA3,ENSG00000164879
CA3-AS1,ENSG00000253549
CA2,ENSG00000104267
AC100801.1,ENSG00000253154
AC103760.1,ENSG00000254231
C8orf88,ENSG00000253250
RUNX1T1,ENSG00000079102
TP53INP1,ENSG00000164938
RIDA,ENSG00000132541
VPS13B-DT,ENSG00000253948
VPS13B,ENSG00000132549
RNF19A,ENSG00000034677
AP003472.1,ENSG00000253824
AP003472.2,ENSG00000253842
AP000424.1,ENSG00000253666
GRHL2,ENSG00000083307
NCALD,ENSG00000104490
AP000426.1,ENSG00000253629
CTHRC1,ENSG00000164932
ZHX2,ENSG00000178764
DERL1,ENSG00000136986
AC068228.3,ENSG00000287657
FAM83A,ENSG00000147689
ATAD2,ENSG00000156802
FBXO32,ENSG00000156804
RNF139,ENSG00000170881
MTSS1,ENSG00000170873
TRIB1,ENSG00000173334
AC016074.2,ENSG00000286122
LINC00861,ENSG00000245164
LRATD2,ENSG00000168672
PCAT1,ENSG00000253438
CASC19,ENSG00000254166
POU5F1B,ENSG00000212993
AC108925.1,ENSG00000286010
MYC,ENSG00000136997
ASAP1,ENSG00000153317
AF305872.2,ENSG00000287736
ST3GAL1,ENSG00000008513
PEG13,ENSG00000282164
AGO2,ENSG00000123908
ERICD,ENSG00000280303
ADGRB1,ENSG00000181790
LYPD2,ENSG00000197353
GML,ENSG00000104499
MAFA,ENSG00000182759
ZC3H3,ENSG00000014164
PYCR3,ENSG00000104524
TSTA3,ENSG00000104522
GRINA,ENSG00000178719
SHARPIN,ENSG00000179526
MAF1,ENSG00000179632
VPS28,ENSG00000160948
ZNF250,ENSG00000196150
VLDLR-AS1,ENSG00000236404
RFX3,ENSG00000080298
RFX3-AS1,ENSG00000232104
SPATA6L,ENSG00000106686
CDC37L1,ENSG00000106993
RCL1,ENSG00000120158
AL135786.2,ENSG00000272866
KIAA2026,ENSG00000183354
KDM4C,ENSG00000107077
TTC39B,ENSG00000155158
BNC2,ENSG00000173068
SAXO1,ENSG00000155875
RRAGA,ENSG00000155876
ACER2,ENSG00000177076
MLLT3,ENSG00000171843
CDKN2B-AS1,ENSG00000240498
IFT74,ENSG00000096872
AL353746.1,ENSG00000260412
LINGO2,ENSG00000174482
TOPORS,ENSG00000197579
SMIM27,ENSG00000235453
BAG1,ENSG00000107262
CHMP5,ENSG00000086065
AQP3,ENSG00000165272
DCAF12,ENSG00000198876
UBAP1,ENSG00000165006
IL11RA,ENSG00000137070
STOML2,ENSG00000165283
FAM214B,ENSG00000005238
CD72,ENSG00000137101
SIT1,ENSG00000137078
RMRP,ENSG00000269900
TPM2,ENSG00000198467
RECK,ENSG00000122707
PAX5,ENSG00000196092
AL161781.2,ENSG00000250850
AL512604.2,ENSG00000233242
ZCCHC7,ENSG00000147905
DCAF10,ENSG00000122741
SLC25A51,ENSG00000122696
ANKRD18A,ENSG00000180071
BX664727.3,ENSG00000240240
AL512625.2,ENSG00000229422
ANKRD20A3,ENSG00000276203
PIP5K1B,ENSG00000107242
FAM122A,ENSG00000187866
CEMIP2,ENSG00000135048
ZFAND5,ENSG00000107372
ALDH1A1,ENSG00000165092
ANXA1,ENSG00000135046
RORB,ENSG00000198963
C9orf40,ENSG00000135045
NMRK1,ENSG00000106733
PCSK5,ENSG00000099139
VPS13A,ENSG00000197969
CEP78,ENSG00000148019
TLE1,ENSG00000196781
UBQLN1,ENSG00000135018
AL354920.1,ENSG00000254473
GKAP1,ENSG00000165113
AL354733.3,ENSG00000235298
AGTPBP1,ENSG00000135049
C9orf153,ENSG00000187753
ISCA1,ENSG00000135070
TUT7,ENSG00000083223
CTSL,ENSG00000135047
CKS2,ENSG00000123975
SECISBP2,ENSG00000187742
GADD45G,ENSG00000130222
AL158071.4,ENSG00000237422
AL158071.3,ENSG00000230537
AUH,ENSG00000148090
FGD3,ENSG00000127084
PTCH1,ENSG00000185920
LINC00476,ENSG00000175611
LINC00092,ENSG00000225194
HABP4,ENSG00000130956
CDC14B,ENSG00000081377
ZNF510,ENSG00000081386
TMOD1,ENSG00000136842
TRMO,ENSG00000136932
AL499604.1,ENSG00000287070
HEMGN,ENSG00000136929
ANP32B,ENSG00000136938
AL807776.1,ENSG00000285706
TGFBR1,ENSG00000106799
STX17,ENSG00000136874
SMC2,ENSG00000136824
LINC01505,ENSG00000234323
KLF4,ENSG00000136826
CTNNAL1,ENSG00000119326
TMEM245,ENSG00000106771
PALM2-AKAP2,ENSG00000157654
TXN,ENSG00000136810
ZNF483,ENSG00000173258
UGCG,ENSG00000148154
CDC26,ENSG00000176386
ALAD,ENSG00000148218
RGS3,ENSG00000138835
AMBP,ENSG00000106927
ORM1,ENSG00000229314
TNFSF8,ENSG00000106952
PAPPA,ENSG00000182752
AL133284.1,ENSG00000230894
TLR4,ENSG00000136869
MEGF9,ENSG00000106780
FBXW2,ENSG00000119402
TRAF1,ENSG00000056558
STOM,ENSG00000148175
AL359644.1,ENSG00000227355
DAB2IP,ENSG00000136848
RBM18,ENSG00000119446
PDCL,ENSG00000136940
RC3H2,ENSG00000056586
STRBP,ENSG00000165209
MIR181A2HG,ENSG00000224020
GAPVD1,ENSG00000165219
AL359632.1,ENSG00000287782
RALGPS1,ENSG00000136828
TTC16,ENSG00000167094
AK1,ENSG00000106992
ST6GALNAC6,ENSG00000160408
ST6GALNAC4,ENSG00000136840
PIP5KL1,ENSG00000167103
AL157935.1,ENSG00000227218
DPM2,ENSG00000136908
FAM102A,ENSG00000167106
SPTAN1,ENSG00000197694
AL441992.1,ENSG00000223478
ZER1,ENSG00000160445
LRRC8A,ENSG00000136802
SH3GLB2,ENSG00000148341
CRAT,ENSG00000095321
PTPA,ENSG00000119383
TOR1B,ENSG00000136816
TOR1A,ENSG00000136827
C9orf78,ENSG00000136819
USP20,ENSG00000136878
NCS1,ENSG00000107130
TSC1,ENSG00000165699
GFI1B,ENSG00000165702
RALGDS,ENSG00000160271
GBGT1,ENSG00000148288
DBH-AS1,ENSG00000225756
RXRA,ENSG00000186350
FCN1,ENSG00000085265
UBAC1,ENSG00000130560
LHX3,ENSG00000107187
QSOX2,ENSG00000165661
SNHG7,ENSG00000233016
LCN6,ENSG00000267206
LCN8,ENSG00000204001
PTGDS,ENSG00000107317
CLIC3,ENSG00000169583
ABCA2,ENSG00000107331
LRRC26,ENSG00000184709
TUBB4B,ENSG00000188229
DIP2C,ENSG00000151240
AL513303.1,ENSG00000287175
LINC00702,ENSG00000233117
AKR1C1,ENSG00000187134
AKR1C3,ENSG00000196139
IL2RA,ENSG00000134460
PRKCQ,ENSG00000065675
PRKCQ-AS1,ENSG00000237943
AL392086.3,ENSG00000287277
GATA3,ENSG00000107485
GATA3-AS1,ENSG00000197308
USP6NL,ENSG00000148429
OPTN,ENSG00000123240
PRPF18,ENSG00000165630
FRMD4A,ENSG00000151474
NMT2,ENSG00000152465
ITGA8,ENSG00000077943
RSU1,ENSG00000148484
CUBN,ENSG00000107611
ST8SIA6-AS1,ENSG00000204832
HACD1,ENSG00000165996
STAM-AS1,ENSG00000260589
STAM,ENSG00000136738
TMEM236,ENSG00000148483
NSUN6,ENSG00000241058
PIP4K2A,ENSG00000150867
OTUD1,ENSG00000165312
ZEB1,ENSG00000148516
ITGB1,ENSG00000150093
CREM,ENSG00000095794
AL135791.1,ENSG00000236514
AL022345.4,ENSG00000285884
RASGEF1A,ENSG00000198915
CXCL12,ENSG00000107562
DEPP1,ENSG00000165507
MARCH8,ENSG00000165406
ZFAND4,ENSG00000172671
WASHC2C,ENSG00000172661
AGAP4,ENSG00000188234
TIMM23,ENSG00000265354
NCOA4,ENSG00000266412
ANTXRL,ENSG00000274209
TMEM273,ENSG00000204161
ERCC6,ENSG00000225830
TIMM23B,ENSG00000204152
WASHC2A,ENSG00000099290
SGMS1,ENSG00000198964
SGMS1-AS1,ENSG00000226200
ANK3,ENSG00000151150
CDK1,ENSG00000170312
ARID5B,ENSG00000150347
RTKN2,ENSG00000182010
ZNF365,ENSG00000138311
EGR2,ENSG00000122877
VPS26A,ENSG00000122958
AL596223.1,ENSG00000229261
HK1,ENSG00000156515
FAM241B,ENSG00000171224
COL13A1,ENSG00000197467
PRF1,ENSG00000180644
PSAP,ENSG00000197746
SPOCK2,ENSG00000107742
DDIT4,ENSG00000168209
DNAJB12,ENSG00000148719
DNAJC9,ENSG00000213551
ANXA7,ENSG00000138279
PPP3CB,ENSG00000107758
FUT11,ENSG00000196968
ZSWIM8,ENSG00000214655
NDST2,ENSG00000166507
AL450306.1,ENSG00000228748
DLG5,ENSG00000151208
EIF5AL1,ENSG00000253626
AL132656.2,ENSG00000244733
AL603756.1,ENSG00000271933
GHITM,ENSG00000165678
CDHR1,ENSG00000148600
CCSER2,ENSG00000107771
BMPR1A,ENSG00000107779
ADIRF,ENSG00000148671
NUTM2A-AS1,ENSG00000223482
LINC00863,ENSG00000224914
AL355334.2,ENSG00000286445
MINPP1,ENSG00000107789
ACTA2,ENSG00000107796
FAS,ENSG00000026103
CH25H,ENSG00000138135
IFIT2,ENSG00000119922
IFIT3,ENSG00000119917
IFIT1B,ENSG00000204010
IFIT1,ENSG00000185745
IFIT5,ENSG00000152778
KIF20B,ENSG00000138182
PCGF5,ENSG00000180628
KIF11,ENSG00000138160
HELLS,ENSG00000119969
PDLIM1,ENSG00000107438
SORBS1,ENSG00000095637
BLNK,ENSG00000095585
DNTT,ENSG00000107447
RRP12,ENSG00000052749
PI4K2A,ENSG00000155252
GOLGA7B,ENSG00000155265
HPS1,ENSG00000107521
AL139243.1,ENSG00000287261
HIF1AN,ENSG00000166135
BTRC,ENSG00000166167
DPCD,ENSG00000166171
POLL,ENSG00000166169
FBXW4,ENSG00000107829
ACTR1A,ENSG00000138107
AL358790.1,ENSG00000282772
MXI1,ENSG00000119950
AL360182.2,ENSG00000228417
DUSP5,ENSG00000138166
RBM20,ENSG00000203867
TCF7L2,ENSG00000148737
CCDC186,ENSG00000165813
ABLIM1,ENSG00000099204
FAM160B1,ENSG00000151553
RGS10,ENSG00000148908
TIAL1,ENSG00000151923
PLEKHA1,ENSG00000107679
IKZF5,ENSG00000095574
OAT,ENSG00000065154
LHPP,ENSG00000107902
AL731577.2,ENSG00000249456
ZRANB1,ENSG00000019995
UROS,ENSG00000188690
FANK1,ENSG00000203780
ADAM12,ENSG00000148848
MKI67,ENSG00000148773
C10orf91,ENSG00000180066
ADAM8,ENSG00000151651
CALY,ENSG00000130643
NLRP6,ENSG00000174885
AC136475.3,ENSG00000255026
PGGHG,ENSG00000142102
AC136475.2,ENSG00000254910
IFITM1,ENSG00000185885
AC136475.1,ENSG00000251661
IFITM3,ENSG00000142089
ANO9,ENSG00000185101
AC138230.1,ENSG00000255237
IRF7,ENSG00000185507
SCT,ENSG00000070031
TALDO1,ENSG00000177156
PNPLA2,ENSG00000177666
CHID1,ENSG00000177830
TOLLIP,ENSG00000078902
MOB2,ENSG00000182208
DUSP8,ENSG00000184545
CTSD,ENSG00000117984
IGF2,ENSG00000167244
ASCL2,ENSG00000183734
KCNQ1OT1,ENSG00000269821
CDKN1C,ENSG00000129757
NAP1L4,ENSG00000205531
MRGPRE,ENSG00000184350
AC127526.2,ENSG00000255367
AC127526.4,ENSG00000287312
NUP98,ENSG00000110713
AC104389.2,ENSG00000224091
HBB,ENSG00000244734
HBD,ENSG00000223609
HBG1,ENSG00000213934
HBG2,ENSG00000196565
AC104389.5,ENSG00000239920
OR56B1,ENSG00000181023
OR52N4,ENSG00000181074
OR52N1,ENSG00000181001
APBB1,ENSG00000166313
DNHD1,ENSG00000179532
RIC3,ENSG00000166405
ST5,ENSG00000166444
TMEM9B,ENSG00000175348
NRIP3,ENSG00000175352
ZNF143,ENSG00000166478
SWAP70,ENSG00000133789
SBF2-AS1,ENSG00000246273
AMPD3,ENSG00000133805
MTRNR2L8,ENSG00000255823
LYVE1,ENSG00000133800
DKK3,ENSG00000050165
MICAL2,ENSG00000133816
AC079329.1,ENSG00000254680
SPON1,ENSG00000262655
RRAS2,ENSG00000133818
PDE3B,ENSG00000152270
SOX6,ENSG00000110693
NUCB2,ENSG00000070081
TSG101,ENSG00000074319
IGSF22,ENSG00000179057
SVIP,ENSG00000198168
CCDC34,ENSG00000109881
KIF18A,ENSG00000121621
AL035078.1,ENSG00000254584
CD59,ENSG00000085063
LMO2,ENSG00000135363
CAT,ENSG00000121691
AL356215.1,ENSG00000255521
PRR5L,ENSG00000135362
RAG1,ENSG00000166349
RAG2,ENSG00000175097
AC021713.1,ENSG00000255477
TSPAN18,ENSG00000157570
LINC02696,ENSG00000254427
LARGE2,ENSG00000165905
MDK,ENSG00000110492
AMBRA1,ENSG00000110497
HARBI1,ENSG00000180423
ATG13,ENSG00000175224
F2,ENSG00000180210
AC090589.2,ENSG00000255520
AC018410.1,ENSG00000256746
SPI1,ENSG00000066336
C1QTNF4,ENSG00000172247
AGBL2,ENSG00000165923
PRG2,ENSG00000186652
SLC43A1,ENSG00000149150
YPEL4,ENSG00000166793
AP001636.3,ENSG00000255240
MPEG1,ENSG00000197629
MS4A3,ENSG00000149516
MS4A2,ENSG00000149534
MS4A6A,ENSG00000110077
MS4A7,ENSG00000166927
MS4A1,ENSG00000156738
CD6,ENSG00000013725
CD5,ENSG00000110448
VWCE,ENSG00000167992
DDB1,ENSG00000167986
CYB561A3,ENSG00000162144
PPP1R32,ENSG00000162148
RAB3IL1,ENSG00000167994
AHNAK,ENSG00000124942
CSKMT,ENSG00000214756
GNG3,ENSG00000162188
STX5,ENSG00000162236
PLAAT4,ENSG00000133321
PLAAT2,ENSG00000133328
PLAAT3,ENSG00000176485
PPP1R14B,ENSG00000173457
PRDX5,ENSG00000126432
EHD1,ENSG00000110047
MIR194-2HG,ENSG00000229719
ATG2A,ENSG00000110046
PPP2R5B,ENSG00000068971
SNX15,ENSG00000110025
TM7SF2,ENSG00000149809
SYVN1,ENSG00000162298
SLC25A45,ENSG00000162241
NEAT1,ENSG00000245532
SCYL1,ENSG00000142186
EHBP1L1,ENSG00000173442
RELA-DT,ENSG00000285533
CTSW,ENSG00000172543
CST6,ENSG00000175315
CD248,ENSG00000174807
CCS,ENSG00000173992
AP001885.3,ENSG00000287934
POLD4,ENSG00000175482
TBC1D10C,ENSG00000175463
CARNS1,ENSG00000172508
LINC02754,ENSG00000251637
CTTN,ENSG00000085733
AP002387.2,ENSG00000254682
CLPB,ENSG00000162129
PDE2A,ENSG00000186642
AP002381.2,ENSG00000285693
PLEKHB1,ENSG00000021300
RAB6A,ENSG00000175582
UCP2,ENSG00000175567
AP003717.4,ENSG00000287425
C2CD3,ENSG00000168014
PPME1,ENSG00000214517
P4HA3,ENSG00000149380
PGM2L1,ENSG00000165434
SLCO2B1,ENSG00000137491
TPBGL,ENSG00000261594
GDPD5,ENSG00000158555
AP002815.1,ENSG00000254460
CAPN5,ENSG00000149260
RAB30,ENSG00000137502
RAB30-DT,ENSG00000246067
CCDC89,ENSG00000179071
SYTL2,ENSG00000137501
PRSS23,ENSG00000150687
AP000654.1,ENSG00000269895
LINC02746,ENSG00000282916
ANKRD49,ENSG00000168876
SRSF8,ENSG00000263465
ENDOD1,ENSG00000149218
AP000787.1,ENSG00000245552
SESN3,ENSG00000149212
MAML2,ENSG00000184384
ARHGAP42,ENSG00000165895
CEP126,ENSG00000110318
BIRC3,ENSG00000023445
BIRC2,ENSG00000110330
PDGFD,ENSG00000170962
KBTBD3,ENSG00000182359
POU2AF1,ENSG00000110777
PTS,ENSG00000150787
LINC02762,ENSG00000250303
AP000802.1,ENSG00000247416
NCAM1,ENSG00000149294
AP000880.1,ENSG00000255129
USP28,ENSG00000048028
ZBTB16,ENSG00000109906
NNMT,ENSG00000166741
C11orf71,ENSG00000180425
REXO2,ENSG00000076043
CADM1,ENSG00000182985
SIK3,ENSG00000160584
DSCAML1,ENSG00000177103
FXYD2,ENSG00000137731
TMPRSS13,ENSG00000137747
TMPRSS4,ENSG00000137648
JAML,ENSG00000160593
CD3E,ENSG00000198851
CD3D,ENSG00000167286
CD3G,ENSG00000160654
AP001267.2,ENSG00000255384
DDX6,ENSG00000110367
CXCR5,ENSG00000160683
BCL9L,ENSG00000186174
AP003392.4,ENSG00000271751
AP003392.5,ENSG00000272186
HMBS,ENSG00000256269
H2AFX,ENSG00000188486
ARHGEF12,ENSG00000196914
GRIK4,ENSG00000149403
TBCEL,ENSG00000154114
TECTA,ENSG00000109927
AP000977.1,ENSG00000246790
AP002762.2,ENSG00000285909
CRTAM,ENSG00000109943
AP000926.2,ENSG00000288061
CLMP,ENSG00000166250
FEZ1,ENSG00000149557
ETS1,ENSG00000134954
AP003327.2,ENSG00000287426
APLP2,ENSG00000084234
ZBTB44,ENSG00000196323
IGSF9B,ENSG00000080854
B3GAT1,ENSG00000109956
AP004608.1,ENSG00000255545
NINJ2,ENSG00000171840
AC006205.2,ENSG00000256020
WNK1,ENSG00000060237
AC005343.4,ENSG00000287698
AC005342.2,ENSG00000256706
DCP1B,ENSG00000151065
AC005842.1,ENSG00000256862
CD9,ENSG00000010278
CD27,ENSG00000139193
AC006064.5,ENSG00000276232
LPAR5,ENSG00000184574
PTMS,ENSG00000159335
LAG3,ENSG00000089692
ENO2,ENSG00000111674
CLSTN3,ENSG00000139182
CLEC4C,ENSG00000198178
SLC2A14,ENSG00000173262
SLC2A3,ENSG00000059804
FOXJ2,ENSG00000065970
CLEC4E,ENSG00000166523
RIMKLB,ENSG00000166532
AC092490.1,ENSG00000249790
KLRG1,ENSG00000139187
A2M-AS1,ENSG00000245105
A2M,ENSG00000175899
PZP,ENSG00000126838
LINC00987,ENSG00000237248
AC010175.1,ENSG00000256427
AC092821.3,ENSG00000284634
KLRB1,ENSG00000111796
CLEC2D,ENSG00000069493
LINC02390,ENSG00000256582
CD69,ENSG00000110848
KLRF1,ENSG00000150045
CLEC2B,ENSG00000110852
CLEC12A,ENSG00000172322
CLEC7A,ENSG00000172243
GABARAPL1,ENSG00000139112
KLRD1,ENSG00000134539
LINC02598,ENSG00000256155
AC022075.1,ENSG00000245648
KLRK1,ENSG00000213809
KLRC4,ENSG00000183542
KLRC3,ENSG00000205810
KLRC2,ENSG00000205809
KLRC1,ENSG00000134545
LINC02446,ENSG00000256039
STYK1,ENSG00000060140
YBX3,ENSG00000060138
DUSP16,ENSG00000111266
CREBL2,ENSG00000111269
CDKN1B,ENSG00000111276
APOLD1,ENSG00000178878
HEBP1,ENSG00000013583
FAM234B,ENSG00000084444
PLBD1,ENSG00000121316
AC010168.2,ENSG00000261324
HIST4H4,ENSG00000197837
H2AFJ,ENSG00000246705
SMCO3,ENSG00000179256
ART4,ENSG00000111339
MGP,ENSG00000111341
STRAP,ENSG00000023734
CMAS,ENSG00000111726
ST8SIA1,ENSG00000111728
SOX5,ENSG00000134532
AC087239.1,ENSG00000278743
BHLHE41,ENSG00000123095
SSPN,ENSG00000123096
FGFR1OP2,ENSG00000111790
MED21,ENSG00000152944
CCDC91,ENSG00000123106
AC022364.1,ENSG00000247934
CAPRIN2,ENSG00000110888
ETFBKMT,ENSG00000139160
AC023157.3,ENSG00000276900
LINC02422,ENSG00000255760
AC016957.2,ENSG00000276136
AC084824.4,ENSG00000275854
KIF21A,ENSG00000139116
ABCD2,ENSG00000173208
LRRK2,ENSG00000188906
NELL2,ENSG00000184613
SLC38A1,ENSG00000111371
AC025031.3,ENSG00000274591
AC008014.1,ENSG00000257261
AMIGO2,ENSG00000139211
PCED1B,ENSG00000179715
PCED1B-AS1,ENSG00000247774
SLC48A1,ENSG00000211584
ASB8,ENSG00000177981
CCDC65,ENSG00000139537
FKBP11,ENSG00000134285
WNT1,ENSG00000125084
TUBA1B,ENSG00000123416
TUBA1C,ENSG00000167553
TROAP,ENSG00000135451
METTL7A,ENSG00000185432
AC008121.2,ENSG00000274156
SLC11A2,ENSG00000110911
CSRNP2,ENSG00000110925
SMAGP,ENSG00000170545
CELA1,ENSG00000139610
SCN8A,ENSG00000196876
NR4A1,ENSG00000123358
KRT86,ENSG00000170442
KRT81,ENSG00000205426
KRT72,ENSG00000170486
KRT73-AS1,ENSG00000257495
KRT73,ENSG00000186049
KRT2,ENSG00000172867
KRT1,ENSG00000167768
KRT79,ENSG00000185640
ITGB7,ENSG00000139626
AC073611.1,ENSG00000257605
C12orf10,ENSG00000139637
AAAS,ENSG00000094914
AC023509.2,ENSG00000257550
CALCOCO1,ENSG00000012822
HOXC4,ENSG00000198353
AC023794.3,ENSG00000249388
NFE2,ENSG00000123405
COPZ1,ENSG00000111481
TESPA1,ENSG00000135426
DGKA,ENSG00000065357
RAB5B,ENSG00000111540
ERBB3,ENSG00000065361
PA2G4,ENSG00000170515
IL23A,ENSG00000110944
ATP5F1B,ENSG00000110955
PTGES3,ENSG00000110958
RDH16,ENSG00000139547
AC026120.3,ENSG00000287715
NXPH4,ENSG00000182379
AC022506.2,ENSG00000287200
DTX3,ENSG00000178498
MARCH9,ENSG00000139266
CTDSP2,ENSG00000175215
GIHCG,ENSG00000257698
TAFA2,ENSG00000198673
AC078789.1,ENSG00000257880
USP15,ENSG00000135655
IRAK3,ENSG00000090376
HELB,ENSG00000127311
DYRK2,ENSG00000127334
IFNG-AS1,ENSG00000255733
IFNG,ENSG00000111537
IL26,ENSG00000111536
LINC02384,ENSG00000251301
AC090061.1,ENSG00000247363
MDM2,ENSG00000135679
LYZ,ENSG00000090382
AC020656.1,ENSG00000257764
BEST3,ENSG00000127325
RAB3IP,ENSG00000127328
PTPRR,ENSG00000153233
TBC1D15,ENSG00000121749
TRHDE,ENSG00000072657
TRHDE-AS1,ENSG00000236333
PHLDA1,ENSG00000139289
ZDHHC17,ENSG00000186908
NTS,ENSG00000133636
C12orf29,ENSG00000133641
CEP290,ENSG00000198707
DUSP6,ENSG00000139318
AC010201.3,ENSG00000286608
POC1B,ENSG00000139323
GALNT4,ENSG00000257594
POC1B-AS1,ENSG00000270344
AC009522.1,ENSG00000258216
LINC02404,ENSG00000257893
LINC01619,ENSG00000257242
AC123512.1,ENSG00000286907
AC025164.2,ENSG00000287714
AC025164.1,ENSG00000245904
CLLU1,ENSG00000257127
LINC02397,ENSG00000205056
AC138123.1,ENSG00000257322
AC124947.1,ENSG00000257252
NUDT4,ENSG00000173598
SOCS2,ENSG00000120833
CRADD,ENSG00000169372
USP44,ENSG00000136014
NTN4,ENSG00000074527
LINC02452,ENSG00000283422
ANKS1B,ENSG00000185046
SCYL2,ENSG00000136021
CHPT1,ENSG00000111666
GNPTAB,ENSG00000111670
HELLPAR,ENSG00000281344
IGF1,ENSG00000017427
C12orf42,ENSG00000179088
CHST11,ENSG00000171310
APPL2,ENSG00000136044
C12orf75,ENSG00000235162
AC011313.1,ENSG00000257642
NUAK1,ENSG00000074590
CKAP4,ENSG00000136026
TCP11L2,ENSG00000166046
AC007541.1,ENSG00000260329
CMKLR1,ENSG00000174600
ISCU,ENSG00000136003
AC007569.1,ENSG00000257221
CORO1C,ENSG00000110880
UBE3B,ENSG00000151148
HVCN1,ENSG00000122986
BRAP,ENSG00000089234
HECTD4,ENSG00000173064
DTX1,ENSG00000135144
CFAP73,ENSG00000186710
PLBD2,ENSG00000151176
SDSL,ENSG00000139410
MED13L,ENSG00000123066
MAP1LC3B2,ENSG00000258102
HRK,ENSG00000135116
TESC,ENSG00000088992
SUDS3,ENSG00000111707
AC026367.3,ENSG00000275759
BICDL1,ENSG00000135127
RNF10,ENSG00000022840
MORN3,ENSG00000139714
LINC01089,ENSG00000212694
AC084018.2,ENSG00000274292
PSMD9,ENSG00000110801
BCL7A,ENSG00000110987
HIP1R,ENSG00000130787
PITPNM2,ENSG00000090975
KMT5A,ENSG00000183955
RILPL1,ENSG00000188026
LINC00944,ENSG00000256128
STX2,ENSG00000111450
ULK1,ENSG00000177169
LINC02361,ENSG00000256576
ZNF891,ENSG00000214029
AL136962.1,ENSG00000276476
SPATA13,ENSG00000182957
ATP8A2,ENSG00000132932
CDK8,ENSG00000132964
USP12,ENSG00000152484
LINC02340,ENSG00000275294
RASL11A,ENSG00000122035
LNX2,ENSG00000139517
POLR1D,ENSG00000186184
SLC7A1,ENSG00000139514
LINC00426,ENSG00000238121
ALOX5AP,ENSG00000132965
FOXO1,ENSG00000150907
WBP4,ENSG00000120688
RGCC,ENSG00000102760
DGKH,ENSG00000102780
EPSTI1,ENSG00000133106
TSC22D1,ENSG00000102804
TPT1-AS1,ENSG00000170919
RUBCNL,ENSG00000102445
LPAR6,ENSG00000139679
SPRYD7,ENSG00000123178
DLEU2,ENSG00000231607
INTS6-AS1,ENSG00000236778
NEK5,ENSG00000197168
AL359513.1,ENSG00000278238
CKAP2,ENSG00000136108
SUGT1,ENSG00000165416
PCDH9,ENSG00000184226
KLF12,ENSG00000118922
LINC00402,ENSG00000235532
AL353660.1,ENSG00000286330
TBC1D4,ENSG00000136111
KCTD12,ENSG00000178695
FBXL3,ENSG00000005812
POU4F1,ENSG00000152192
ABCC4,ENSG00000125257
MBNL2,ENSG00000139793
RAP2A,ENSG00000125249
FARP1,ENSG00000152767
DOCK9,ENSG00000088387
DOCK9-DT,ENSG00000260992
GPR18,ENSG00000125245
GPR183,ENSG00000169508
CCDC168,ENSG00000175820
TNFSF13B,ENSG00000102524
IRS2,ENSG00000185950
MCF2L,ENSG00000126217
F7,ENSG00000057593
CUL4A,ENSG00000139842
TFDP1,ENSG00000198176
LINC00565,ENSG00000260910
C13orf46,ENSG00000283199
RASA3,ENSG00000185989
CDC16,ENSG00000130177
AL356019.2,ENSG00000258768
AL355075.4,ENSG00000259001
PNP,ENSG00000198805
AL355075.3,ENSG00000258908
RNASE6,ENSG00000169413
RNASE2,ENSG00000169385
RAB2B,ENSG00000129472
TOX4,ENSG00000092203
TRAV1-1,ENSG00000255569
TRAV1-2,ENSG00000256553
TRAV2,ENSG00000211776
TRAV3,ENSG00000211777
TRAV4,ENSG00000211778
TRAV5,ENSG00000211779
TRAV6,ENSG00000211780
TRAV10,ENSG00000211784
TRAV12-1,ENSG00000211785
TRAV8-2,ENSG00000211786
TRAV13-1,ENSG00000211788
TRAV12-2,ENSG00000211789
TRAV8-4,ENSG00000211790
TRAV13-2,ENSG00000211791
TRAV14DV4,ENSG00000211792
TRAV9-2,ENSG00000211793
TRAV16,ENSG00000211796
TRAV17,ENSG00000211797
TRAV19,ENSG00000211799
TRAV20,ENSG00000211800
TRAV21,ENSG00000211801
TRAV22,ENSG00000211802
TRAV23DV6,ENSG00000211803
TRDV1,ENSG00000211804
TRAV25,ENSG00000211806
TRAV26-1,ENSG00000211807
TRAV27,ENSG00000211809
TRAV30,ENSG00000259092
AC244502.1,ENSG00000251002
TRAV26-2,ENSG00000211812
TRAV36DV7,ENSG00000211815
TRAV38-1,ENSG00000211816
TRAV38-2DV8,ENSG00000211817
TRAV41,ENSG00000211820
TRDC,ENSG00000211829
TRAC,ENSG00000277734
AC243965.1,ENSG00000259003
ABHD4,ENSG00000100439
LRP10,ENSG00000197324
REM2,ENSG00000139890
AL132780.1,ENSG00000257285
C14orf119,ENSG00000179933
CARMIL3,ENSG00000186648
DCAF11,ENSG00000100897
FITM1,ENSG00000139914
IRF9,ENSG00000213928
DHRS1,ENSG00000157379
KHNYN,ENSG00000100441
CTSG,ENSG00000100448
GZMH,ENSG00000100450
GZMB,ENSG00000100453
STRN3,ENSG00000196792
AP4S1,ENSG00000100478
AKAP6,ENSG00000151320
SLC25A21,ENSG00000183032
AL139099.1,ENSG00000258377
KLHDC2,ENSG00000165516
AL627171.2,ENSG00000282885
AL627171.1,ENSG00000278002
LINC01588,ENSG00000214900
DMAC2L,ENSG00000125375
AL359397.2,ENSG00000259071
CDKL1,ENSG00000100490
MAP4K5,ENSG00000012983
GNG2,ENSG00000186469
PTGDR,ENSG00000168229
PTGER2,ENSG00000125384
TXNDC16,ENSG00000087301
DDHD1,ENSG00000100523
CDKN3,ENSG00000100526
CGRRF1,ENSG00000100532
LGALS3,ENSG00000131981
DLGAP5,ENSG00000126787
AL158801.2,ENSG00000258413
FBXO34,ENSG00000178974
ATG14,ENSG00000126775
NAA30,ENSG00000139977
ACTR10,ENSG00000131966
KIAA0586,ENSG00000100578
DACT1,ENSG00000165617
DAAM1,ENSG00000100592
AL157756.1,ENSG00000254718
PPM1A,ENSG00000100614
PRKCH,ENSG00000027075
AL359220.1,ENSG00000247287
AL355916.2,ENSG00000258926
AL136038.5,ENSG00000274015
SYNE2,ENSG00000054654
ESR2,ENSG00000140009
ZBTB25,ENSG00000089775
AKAP5,ENSG00000179841
HSPA2,ENSG00000126803
PLEKHG3,ENSG00000126822
SPTB,ENSG00000070182
ATP6V1D,ENSG00000100554
EIF2S1,ENSG00000134001
PLEK2,ENSG00000100558
ARG2,ENSG00000081181
VTI1B,ENSG00000100568
AL121820.2,ENSG00000259038
ZFP36L1,ENSG00000185650
AL356804.1,ENSG00000259033
AL357153.1,ENSG00000245466
TTC9,ENSG00000133985
AC004816.1,ENSG00000259153
RGS6,ENSG00000182732
DPF3,ENSG00000205683
ZFYVE1,ENSG00000165861
ZNF410,ENSG00000119725
ENTPD5,ENSG00000187097
BBOF1,ENSG00000119636
LTBP2,ENSG00000119681
FOS,ENSG00000170345
BATF,ENSG00000156127
IRF2BPL,ENSG00000119669
AC007686.3,ENSG00000273729
NRXN3,ENSG00000021645
GPR65,ENSG00000140030
AL512791.1,ENSG00000258424
AL122020.2,ENSG00000287663
GPR68,ENSG00000119714
AL135818.1,ENSG00000258875
AL135818.2,ENSG00000260810
CATSPERB,ENSG00000133962
AL121839.2,ENSG00000260711
TC2N,ENSG00000165929
FBLN5,ENSG00000140092
ATXN3,ENSG00000066427
MOAP1,ENSG00000165943
IFI27,ENSG00000165949
PPP4R4,ENSG00000119698
SERPINA1,ENSG00000197249
SNHG10,ENSG00000247092
GLRX5,ENSG00000182512
TCL6,ENSG00000187621
TCL1B,ENSG00000213231
TCL1A,ENSG00000100721
AL139020.1,ENSG00000257275
C14orf132,ENSG00000227051
ATG2B,ENSG00000066739
GSKIP,ENSG00000100744
AK7,ENSG00000140057
LINC02325,ENSG00000246084
LINC01550,ENSG00000246223
BCL11B,ENSG00000127152
EVL,ENSG00000196405
AL157912.1,ENSG00000258560
AL133523.1,ENSG00000258982
MEG3,ENSG00000214548
LINC00239,ENSG00000258512
ANKRD9,ENSG00000156381
CDC42BPB,ENSG00000198752
TNFAIP2,ENSG00000185215
EIF5,ENSG00000100664
MARK3,ENSG00000075413
COA8,ENSG00000256053
ZFYVE21,ENSG00000100711
PPP1R13B,ENSG00000088808
PLD4,ENSG00000166428
JAG2,ENSG00000184916
CRIP2,ENSG00000182809
CRIP1,ENSG00000213145
IGHA2,ENSG00000211890
IGHE,ENSG00000211891
IGHG4,ENSG00000211892
IGHG2,ENSG00000211893
IGHGP,ENSG00000253755
IGHA1,ENSG00000211895
IGHG1,ENSG00000211896
IGHG3,ENSG00000211897
IGHD,ENSG00000211898
IGHM,ENSG00000211899
FAM30A,ENSG00000226777
IGHV6-1,ENSG00000211933
IGHV1-2,ENSG00000211934
IGHV1-3,ENSG00000211935
IGHV4-4,ENSG00000276775
IGHV2-5,ENSG00000211937
IGHV3-7,ENSG00000211938
IGHV3-64D,ENSG00000282639
IGHV5-10-1,ENSG00000282651
IGHV3-11,ENSG00000211941
IGHV3-13,ENSG00000211942
IGHV3-15,ENSG00000211943
IGHV1-18,ENSG00000211945
IGHV3-20,ENSG00000211946
IGHV3-21,ENSG00000211947
IGHV3-23,ENSG00000211949
IGHV1-24,ENSG00000211950
IGHV2-26,ENSG00000211951
IGHV4-28,ENSG00000211952
IGHV3-30,ENSG00000270550
IGHV4-31,ENSG00000231475
IGHV3-33,ENSG00000211955
IGHV4-34,ENSG00000211956
IGHV4-39,ENSG00000211959
IGHV3-43,ENSG00000232216
IGHV1-46,ENSG00000211962
IGHV3-48,ENSG00000211964
IGHV3-49,ENSG00000211965
IGHV5-51,ENSG00000211966
IGHV3-53,ENSG00000211967
IGHV4-59,ENSG00000224373
IGHV4-61,ENSG00000211970
IGHV3-64,ENSG00000223648
IGHV3-66,ENSG00000211972
IGHV1-69,ENSG00000211973
IGHV1-69-2,ENSG00000281990
IGHV1-69D,ENSG00000280411
IGHV3-72,ENSG00000225698
IGHV3-73,ENSG00000211976
IGHV3-74,ENSG00000224650
SNHG14,ENSG00000224078
ATP10A,ENSG00000206190
HERC2,ENSG00000128731
APBA2,ENSG00000034053
LINC02352,ENSG00000259448
AC012236.1,ENSG00000259772
OTUD7A,ENSG00000169918
GREM1,ENSG00000166923
GOLGA8A,ENSG00000175265
GOLGA8B,ENSG00000215252
RASGRP1,ENSG00000172575
LINC02694,ENSG00000175779
AC087878.1,ENSG00000259278
THBS1,ENSG00000137801
AC091045.1,ENSG00000259536
CCDC32,ENSG00000128891
KNL1,ENSG00000137812
RAD51-AS1,ENSG00000245849
RMDN3,ENSG00000137824
CHP1,ENSG00000187446
NUSAP1,ENSG00000137804
AC020659.1,ENSG00000174171
LRRC57,ENSG00000180979
AC090510.2,ENSG00000274403
CCNDBP1,ENSG00000166946
EPB42,ENSG00000166947
EIF3J,ENSG00000104131
PATL2,ENSG00000229474
AC051619.7,ENSG00000259932
SLC30A4,ENSG00000104154
BLOC1S6,ENSG00000104164
DUT,ENSG00000128951
COPS2,ENSG00000166200
HDC,ENSG00000140287
GABPB1-AS1,ENSG00000244879
DMXL2,ENSG00000104093
AC090971.5,ENSG00000274954
GNB5,ENSG00000069966
C15orf65,ENSG00000261652
LINC00926,ENSG00000247982
CCNB2,ENSG00000157456
ANXA2,ENSG00000182718
RORA,ENSG00000069667
TLN2,ENSG00000171914
AC103740.1,ENSG00000259370
TPM1,ENSG00000140416
HERC1,ENSG00000103657
SNX22,ENSG00000157734
PCLAF,ENSG00000166803
OAZ2,ENSG00000180304
PIF1,ENSG00000140451
CLPX,ENSG00000166855
CILP,ENSG00000138615
DENND4A,ENSG00000174485
C15orf61,ENSG00000189227
AC009292.1,ENSG00000245719
SPESP1,ENSG00000258484
PAQR5,ENSG00000137819
KIF23,ENSG00000137807
DRAIC,ENSG00000245750
ARIH1,ENSG00000166233
NEO1,ENSG00000067141
SEMA7A,ENSG00000138623
UBL7,ENSG00000138629
CLK3,ENSG00000179335
AC100835.2,ENSG00000275527
NEIL1,ENSG00000140398
ETFA,ENSG00000140374
AC090260.1,ENSG00000260988
DNAJA4,ENSG00000140403
BCL2A1,ENSG00000140379
ZFAND6,ENSG00000086666
AC103876.1,ENSG00000259986
ZSCAN2,ENSG00000176371
ISG20,ENSG00000172183
HAPLN3,ENSG00000140511
AC013565.3,ENSG00000261407
AP3S2,ENSG00000157823
NGRN,ENSG00000182768
FURIN,ENSG00000140564
MAN2A2,ENSG00000196547
HDDC3,ENSG00000184508
UNC45A,ENSG00000140553
PRC1,ENSG00000198901
CHD2,ENSG00000173575
MCTP2,ENSG00000140563
IGF1R,ENSG00000140443
SYNM,ENSG00000182253
ADAMTS17,ENSG00000140470
CERS3,ENSG00000154227
AC027020.2,ENSG00000270127
LINS1,ENSG00000140471
ASB7,ENSG00000183475
AC090164.2,ENSG00000274139
AC090164.5,ENSG00000286733
TARSL2,ENSG00000185418
NPRL3,ENSG00000103148
Z69720.1,ENSG00000269482
HBZ,ENSG00000130656
HBM,ENSG00000206177
HBA2,ENSG00000188536
HBA1,ENSG00000206172
HBQ1,ENSG00000086506
AXIN1,ENSG00000103126
NME4,ENSG00000103202
PIGQ,ENSG00000007541
NHLRC4,ENSG00000257108
FBXL16,ENSG00000127585
AC009041.2,ENSG00000260807
AC009041.1,ENSG00000260496
TPSB2,ENSG00000197253
TPSAB1,ENSG00000172236
TMEM204,ENSG00000131634
SPSB3,ENSG00000162032
HAGH,ENSG00000063854
FAHD1,ENSG00000180185
SYNGR3,ENSG00000127561
ATP6V0C,ENSG00000185883
PRSS22,ENSG00000005001
KREMEN2,ENSG00000131650
MMP25-AS1,ENSG00000261971
IL32,ENSG00000008517
ZNF213-AS1,ENSG00000263072
AC108134.2,ENSG00000261889
LINC00921,ENSG00000281005
NLRC3,ENSG00000167984
SLX4,ENSG00000188827
DNASE1,ENSG00000213918
UBALD1,ENSG00000153443
ROGDI,ENSG00000067836
METTL22,ENSG00000067365
CARHSP1,ENSG00000153048
USP7,ENSG00000187555
AC022167.3,ENSG00000260979
EMP2,ENSG00000213853
CLEC16A,ENSG00000038532
AC007014.2,ENSG00000274038
AC007014.1,ENSG00000262020
SOCS1,ENSG00000185338
GSPT1,ENSG00000103342
NPIPB2,ENSG00000234719
TNFRSF17,ENSG00000048462
SNX29,ENSG00000048471
AC007216.1,ENSG00000260488
NTAN1,ENSG00000157045
NPIPA5,ENSG00000183793
BMERB1,ENSG00000166780
MARF1,ENSG00000166783
NDE1,ENSG00000072864
AC138969.1,ENSG00000183889
ARL6IP1,ENSG00000170540
TMC5,ENSG00000103534
AC130456.3,ENSG00000260592
AC130456.5,ENSG00000260934
GDE1,ENSG00000006007
ACSM3,ENSG00000005187
AC005632.6,ENSG00000287809
METTL9,ENSG00000197006
IGSF6,ENSG00000140749
SDR42E2,ENSG00000183921
AC092338.3,ENSG00000286808
CDR2,ENSG00000140743
NPIPB5,ENSG00000243716
SCNN1B,ENSG00000168447
UBFD1,ENSG00000103353
PLK1,ENSG00000166851
IL4R,ENSG00000077238
IL21R,ENSG00000103522
SBK1,ENSG00000188322
NUPR1,ENSG00000176046
CD19,ENSG00000177455
LAT,ENSG00000213658
AC109460.4,ENSG00000261552
CDIPT,ENSG00000103502
YPEL3,ENSG00000090238
AC012645.3,ENSG00000261416
SEPTIN1,ENSG00000180096
ITGAL,ENSG00000005844
RNF40,ENSG00000103549
ITGAM,ENSG00000169896
ITGAX,ENSG00000140678
ITGAD,ENSG00000156886
TGFB1I1,ENSG00000140682
C16orf58,ENSG00000140688
AHSP,ENSG00000169877
ZNF720,ENSG00000197302
DNAJA2,ENSG00000069345
TOX3,ENSG00000103460
RBL2,ENSG00000103479
AKTIP,ENSG00000166971
AC007497.2,ENSG00000287909
CES1,ENSG00000198848
AMFR,ENSG00000159461
MT3,ENSG00000087250
MT2A,ENSG00000125148
HERPUD1,ENSG00000051108
ADGRG5,ENSG00000159618
ADGRG1,ENSG00000205336
KIFC3,ENSG00000140859
AC044802.2,ENSG00000258122
E2F4,ENSG00000205250
ELMO3,ENSG00000102890
ENKD1,ENSG00000124074
GFOD2,ENSG00000141098
RANBP10,ENSG00000141084
AC010530.1,ENSG00000270165
TSNAXIP1,ENSG00000102904
CENPT,ENSG00000102901
PSKH1,ENSG00000159792
AC020978.6,ENSG00000262514
SMPD3,ENSG00000103056
CDH1,ENSG00000039068
SNTB2,ENSG00000168807
NFAT5,ENSG00000102908
ST3GAL2,ENSG00000157350
FCSK,ENSG00000157353
SF3B3,ENSG00000189091
ZNF23,ENSG00000167377
AC010547.1,ENSG00000247324
ZNF19,ENSG00000157429
MARVELD3,ENSG00000140832
PHLPP2,ENSG00000040199
AC009097.1,ENSG00000260185
AC009097.3,ENSG00000260612
ATXN1L,ENSG00000224470
PKD1L3,ENSG00000277481
HP,ENSG00000257017
WDR59,ENSG00000103091
AC009163.7,ENSG00000274220
GABARAPL2,ENSG00000034713
TERF2IP,ENSG00000166848
AC027279.1,ENSG00000260816
MAF,ENSG00000178573
SDR42E1,ENSG00000184860
COTL1,ENSG00000103187
C16orf74,ENSG00000154102
IRF8,ENSG00000140968
MAP1LC3B,ENSG00000140941
AC092720.1,ENSG00000260750
JPH3,ENSG00000154118
SLC7A5,ENSG00000103257
AC126696.2,ENSG00000260466
ACSF3,ENSG00000176715
ZNF778,ENSG00000170100
DPEP1,ENSG00000015413
ZNF276,ENSG00000158805
MC1R,ENSG00000258839
DBNDD1,ENSG00000003249
RFLNB,ENSG00000183688
MYO1C,ENSG00000197879
INPP5K,ENSG00000132376
RILP,ENSG00000167705
TLCD2,ENSG00000185561
MIR22HG,ENSG00000186594
WDR81,ENSG00000167716
SERPINF1,ENSG00000132386
RPA1,ENSG00000132383
RAP1GAP2,ENSG00000132359
TRPV3,ENSG00000167723
P2RX5,ENSG00000083454
ARRB2,ENSG00000141480
VMO1,ENSG00000182853
AC004771.1,ENSG00000227495
SLC52A1,ENSG00000132517
NUP88,ENSG00000108559
SLC16A11,ENSG00000174326
CLEC10A,ENSG00000132514
GABARAP,ENSG00000170296
SLC2A4,ENSG00000181856
CD68,ENSG00000129226
ATP1B2,ENSG00000129244
ALOX15B,ENSG00000179593
AC129492.1,ENSG00000214999
HES7,ENSG00000179111
TMEM107,ENSG00000179029
AURKB,ENSG00000178999
CTC1,ENSG00000178971
RNF222,ENSG00000189051
NDEL1,ENSG00000166579
MYH10,ENSG00000133026
AC005224.2,ENSG00000266378
AC022816.1,ENSG00000230647
UBB,ENSG00000170315
AC093484.3,ENSG00000265401
CCDC144A,ENSG00000170160
TNFRSF13B,ENSG00000240505
FLCN,ENSG00000154803
COPS3,ENSG00000141030
NT5M,ENSG00000205309
RASD1,ENSG00000108551
GID4,ENSG00000141034
FOXO3B,ENSG00000240445
PRPSAP2,ENSG00000141127
AC007952.2,ENSG00000228157
EPN2,ENSG00000072134
SPECC1,ENSG00000128487
LGALS9B,ENSG00000170298
CCDC144NL-AS1,ENSG00000233098
NATD1,ENSG00000274180
MAP2K3,ENSG00000034152
MTRNR2L1,ENSG00000256618
LYRM9,ENSG00000232859
IFT20,ENSG00000109083
AC002094.2,ENSG00000265618
ALDOC,ENSG00000109107
ERAL1,ENSG00000132591
AC024267.1,ENSG00000264066
DHRS13,ENSG00000167536
RAB11FIP4,ENSG00000131242
AC003101.1,ENSG00000228768
MYO1D,ENSG00000176658
RFFL,ENSG00000092871
SLFN5,ENSG00000166750
AC022706.1,ENSG00000267364
SLFN12L,ENSG00000205045
AC015911.3,ENSG00000267074
SLFN14,ENSG00000236320
AC015911.6,ENSG00000267359
AP2B1,ENSG00000006125
AC015849.4,ENSG00000270894
HEATR9,ENSG00000270379
AC015849.1,ENSG00000270240
CCL5,ENSG00000271503
CCL18,ENSG00000275385
AC243829.4,ENSG00000277089
CCL3,ENSG00000277632
CCL4,ENSG00000275302
AC243829.2,ENSG00000276241
CCL3L1,ENSG00000276085
CCL4L2,ENSG00000276070
MLLT6,ENSG00000275023
PLXDC1,ENSG00000161381
FBXL20,ENSG00000108306
ERBB2,ENSG00000141736
IKZF3,ENSG00000161405
ZPBP2,ENSG00000186075
GSDMB,ENSG00000073605
ORMDL3,ENSG00000172057
GSDMA,ENSG00000167914
CASC3,ENSG00000108349
TOP2A,ENSG00000131747
IGFBP4,ENSG00000141753
AC004585.1,ENSG00000266088
CCR7,ENSG00000126353
TTC25,ENSG00000204815
ATP6V0A1,ENSG00000033627
RETREG3,ENSG00000141699
TUBG1,ENSG00000131462
CCR10,ENSG00000184451
CNTNAP1,ENSG00000108797
EZH1,ENSG00000108799
CNTD1,ENSG00000176563
BECN1,ENSG00000126581
NBR1,ENSG00000188554
ARL4D,ENSG00000175906
HDAC5,ENSG00000108840
TMUB2,ENSG00000168591
SLC4A1,ENSG00000004939
AC003043.2,ENSG00000285486
RUNDC3A-AS1,ENSG00000267750
RUNDC3A,ENSG00000108309
SLC25A39,ENSG00000013306
GRN,ENSG00000030582
KIF18B,ENSG00000186185
ACBD4,ENSG00000181513
AC142472.1,ENSG00000276728
HEXIM1,ENSG00000186834
AC138150.1,ENSG00000224505
MAP3K14-AS1,ENSG00000267278
PLEKHM1,ENSG00000225190
KANSL1-AS1,ENSG00000214401
WNT3,ENSG00000108379
CDC27,ENSG00000004897
AC002558.3,ENSG00000262265
MYL4,ENSG00000198336
TBX21,ENSG00000073861
OSBPL7,ENSG00000006025
AC018521.5,ENSG00000264920
SKAP1,ENSG00000141293
THRA1/BTR,ENSG00000235300
HOXB2,ENSG00000173917
HOXB-AS1,ENSG00000230148
AC103702.2,ENSG00000272763
LINC02086,ENSG00000244649
CALCOCO2,ENSG00000136436
ABI3,ENSG00000108798
PHOSPHO1,ENSG00000173868
AC004797.1,ENSG00000177369
SPOP,ENSG00000121067
FAM117A,ENSG00000121104
FLJ45513,ENSG00000204584
PDK2,ENSG00000005882
PPP1R9B,ENSG00000108819
PCTP,ENSG00000141179
MSI2,ENSG00000153944
EPX,ENSG00000121053
MPO,ENSG00000005381
TSPOAP1,ENSG00000005379
SUPT4H1,ENSG00000213246
YPEL2,ENSG00000175155
AC091059.1,ENSG00000266002
DHX40,ENSG00000108406
USP32,ENSG00000170832
BCAS3,ENSG00000141376
AC005856.1,ENSG00000286997
MRC2,ENSG00000011028
CD79B,ENSG00000007312
ERN1,ENSG00000178607
TEX2,ENSG00000136478
RGS9,ENSG00000108370
PRKCA,ENSG00000154229
AC007448.4,ENSG00000266473
PITPNC1,ENSG00000154217
AC110921.1,ENSG00000264754
AC005332.2,ENSG00000267731
AC005332.4,ENSG00000274712
ARSG,ENSG00000141337
WIPI1,ENSG00000070540
ABCA10,ENSG00000154263
ABCA5,ENSG00000154265
SSTR2,ENSG00000180616
COG1,ENSG00000166685
FAM104A,ENSG00000133193
LINC00469,ENSG00000177338
KIF19,ENSG00000196169
CD300A,ENSG00000167851
CD300E,ENSG00000186407
RAB37,ENSG00000172794
TSEN54,ENSG00000182173
LLGL2,ENSG00000073350
SMIM5,ENSG00000204323
WBP2,ENSG00000132471
EVPL,ENSG00000167880
EXOC7,ENSG00000182473
RNF157,ENSG00000141576
UBALD2,ENSG00000185262
UBE2O,ENSG00000175931
AC005837.1,ENSG00000261335
MXRA7,ENSG00000182534
AC016168.2,ENSG00000267568
SEC14L1,ENSG00000129657
AC021683.5,ENSG00000285535
TNRC6C,ENSG00000078687
TNRC6C-AS1,ENSG00000204282
C17orf99,ENSG00000187997
TK1,ENSG00000167900
BIRC5,ENSG00000089685
SOCS3,ENSG00000184557
SCAT1,ENSG00000267123
RBFOX3,ENSG00000167281
SLC26A11,ENSG00000181045
RNF213-AS1,ENSG00000263069
NPTX1,ENSG00000171246
FSCN2,ENSG00000186765
NPLOC4,ENSG00000182446
MAFG,ENSG00000197063
RFNG,ENSG00000169733
CD7,ENSG00000173762
AC132938.6,ENSG00000287193
NARF,ENSG00000141562
NARF-IT1,ENSG00000266236
FN3K,ENSG00000167363
METRNL,ENSG00000176845
AC139099.2,ENSG00000262898
TYMS,ENSG00000176890
YES1,ENSG00000176105
AP001020.3,ENSG00000266171
AP000894.4,ENSG00000273355
METTL4,ENSG00000101574
AP005136.3,ENSG00000266783
LPIN2,ENSG00000101577
AP000919.2,ENSG00000265907
AP000919.3,ENSG00000266397
AP005329.3,ENSG00000272688
DLGAP1-AS1,ENSG00000177337
DLGAP1-AS2,ENSG00000262001
AP002478.1,ENSG00000266401
AP001496.1,ENSG00000264254
NDUFV2-AS1,ENSG00000266053
RALBP1,ENSG00000017797
RAB31,ENSG00000168461
AC006238.1,ENSG00000272799
GNAL,ENSG00000141404
CEP76,ENSG00000101624
AP005482.3,ENSG00000267249
AP005482.1,ENSG00000260302
LDLRAD4,ENSG00000168675
AP006565.1,ENSG00000265737
RIOK3,ENSG00000101782
RMC1,ENSG00000141452
NPC1,ENSG00000141458
TTC39C,ENSG00000168234
DSC1,ENSG00000134765
RNF125,ENSG00000101695
AC009831.3,ENSG00000274275
KLHL14,ENSG00000197705
AC012123.1,ENSG00000228835
INO80C,ENSG00000153391
MOCOS,ENSG00000075643
TPGS2,ENSG00000134779
AC011139.1,ENSG00000283458
SETBP1,ENSG00000152217
SLC14A1,ENSG00000141469
EPG5,ENSG00000152223
RNF165,ENSG00000141622
SMAD7,ENSG00000101665
AC016866.1,ENSG00000264269
SNHG22,ENSG00000267322
RAB27B,ENSG00000041353
AC098848.1,ENSG00000267112
CCDC68,ENSG00000166510
TCF4,ENSG00000196628
AC009271.1,ENSG00000267327
TXNL1,ENSG00000091164
FECH,ENSG00000066926
AC100847.1,ENSG00000278703
NARS,ENSG00000134440
NEDD4L,ENSG00000049759
SEC11C,ENSG00000166562
PMAIP1,ENSG00000141682
RNF152,ENSG00000176641
AC027514.2,ENSG00000267560
AC064801.1,ENSG00000278017
BCL2,ENSG00000171791
AC022726.2,ENSG00000283125
SERPINB2,ENSG00000197632
SERPINB10,ENSG00000242550
DSEL,ENSG00000171451
DOK6,ENSG00000206052
CD226,ENSG00000150637
GTSCR1,ENSG00000263417
NETO1,ENSG00000166342
AC091138.1,ENSG00000263958
AC079062.1,ENSG00000263711
CYB5A,ENSG00000166347
MBP,ENSG00000197971
AC018529.1,ENSG00000275178
SLC66A2,ENSG00000122490
HSBP1L1,ENSG00000226742
TPGS1,ENSG00000141933
CDC34,ENSG00000099804
GZMM,ENSG00000197540
AC009005.1,ENSG00000267751
BSG,ENSG00000172270
PRSS57,ENSG00000185198
AZU1,ENSG00000172232
PRTN3,ENSG00000196415
ELANE,ENSG00000197561
CFD,ENSG00000197766
MED16,ENSG00000175221
R3HDM4,ENSG00000198858
STK11,ENSG00000118046
TCF3,ENSG00000071564
AC012615.5,ENSG00000267232
MKNK2,ENSG00000099875
JSRP1,ENSG00000167476
TMPRSS9,ENSG00000178297
GADD45B,ENSG00000099860
GNG7,ENSG00000176533
SMIM24,ENSG00000095932
DOHH,ENSG00000129932
FZR1,ENSG00000105325
MFSD12,ENSG00000161091
TJP3,ENSG00000105289
APBA3,ENSG00000011132
MATK,ENSG00000007264
ZFR2,ENSG00000105278
MAP2K2,ENSG00000126934
YJU2,ENSG00000105248
TMIGD2,ENSG00000167664
SH3GL1,ENSG00000141985
UBXN6,ENSG00000167671
FEM1A,ENSG00000141965
AC005523.2,ENSG00000269604
KDM4B,ENSG00000127663
TINCR,ENSG00000223573
SLC25A23,ENSG00000125648
CD70,ENSG00000125726
TNFSF14,ENSG00000125735
SH2D3A,ENSG00000125731
MCOLN1,ENSG00000090674
PNPLA6,ENSG00000032444
STXBP2,ENSG00000076944
RETN,ENSG00000104918
MCEMP1,ENSG00000183019
TRAPPC5,ENSG00000181029
FCER2,ENSG00000104921
MAP2K7,ENSG00000076984
RAB11B,ENSG00000185236
MARCH2,ENSG00000099785
ADAMTS10,ENSG00000142303
MUC16,ENSG00000181143
ZNF699,ENSG00000196110
ZNF559,ENSG00000188321
COL5A3,ENSG00000080573
P2RY11,ENSG00000244165
ICAM4,ENSG00000105371
PDE4A,ENSG00000065989
S1PR5,ENSG00000180739
ATG4D,ENSG00000130734
CDKN2D,ENSG00000129355
SLC44A2,ENSG00000129353
ILF3-DT,ENSG00000267100
TMED1,ENSG00000099203
CARM1,ENSG00000142453
YIPF2,ENSG00000130733
TIMM29,ENSG00000142444
SPC24,ENSG00000161888
KANK2,ENSG00000197256
EPOR,ENSG00000187266
ZNF653,ENSG00000161914
ECSIT,ENSG00000130159
ELOF1,ENSG00000130165
ZNF627,ENSG00000198551
ACP5,ENSG00000102575
AC008543.5,ENSG00000267646
PRDX2,ENSG00000167815
AC018761.2,ENSG00000267062
DNASE2,ENSG00000105612
KLF1,ENSG00000105610
GCDH,ENSG00000105607
AC092069.1,ENSG00000267458
RAD23A,ENSG00000179262
NFIX,ENSG00000008441
LYL1,ENSG00000104903
CACNA1A,ENSG00000141837
AC020916.1,ENSG00000267519
DNAJB1,ENSG00000132002
BRD4,ENSG00000141867
AKAP8L,ENSG00000011243
RASAL3,ENSG00000105122
CYP4F3,ENSG00000186529
CYP4F12,ENSG00000186204
AC020911.2,ENSG00000267275
AC008764.2,ENSG00000268087
BABAM1,ENSG00000105393
ANKLE1,ENSG00000160117
PLVAP,ENSG00000130300
NIBAN3,ENSG00000167483
INSL3,ENSG00000248099
CCDC124,ENSG00000007080
ARRDC2,ENSG00000105643
IL12RB1,ENSG00000096996
MAST3,ENSG00000099308
AC007192.2,ENSG00000269145
PIK3R2,ENSG00000105647
IFI30,ENSG00000216490
GDF15,ENSG00000130513
FKBP8,ENSG00000105701
CRLF1,ENSG00000006016
SLC25A42,ENSG00000181035
SUGP1,ENSG00000105705
PBX4,ENSG00000105717
AC002306.1,ENSG00000259242
ZNF101,ENSG00000181896
ZNF737,ENSG00000237440
ZNF626,ENSG00000188171
ZNF493,ENSG00000196268
AC010615.2,ENSG00000268119
AC123912.1,ENSG00000268081
AC123912.4,ENSG00000268555
ZNF208,ENSG00000160321
ZNF257,ENSG00000197134
ZNF681,ENSG00000196172
LINC00662,ENSG00000261824
PLEKHF1,ENSG00000166289
ZNF507,ENSG00000168813
KIAA0355,ENSG00000166398
AC008555.1,ENSG00000261754
AC008555.2,ENSG00000269086
AC008555.4,ENSG00000271109
FXYD1,ENSG00000266964
FXYD7,ENSG00000221946
AC002128.1,ENSG00000268947
CD22,ENSG00000012124
DMKN,ENSG00000161249
AD000090.1,ENSG00000283907
TYROBP,ENSG00000011600
LRFN3,ENSG00000126243
ZFP14,ENSG00000142065
ZNF790,ENSG00000197863
ZNF585A,ENSG00000196967
ZNF540,ENSG00000171817
PPP1R14A,ENSG00000167641
CAPN12,ENSG00000182472
NFKBIB,ENSG00000104825
IFNL1,ENSG00000182393
CLC,ENSG00000105205
DYRK1B,ENSG00000105204
FCGBP,ENSG00000275395
AC005614.1,ENSG00000269296
AKT2,ENSG00000105221
PRX,ENSG00000105227
BLVRB,ENSG00000090013
LINC01480,ENSG00000270164
AC243960.1,ENSG00000268027
CD79A,ENSG00000105369
POU2F2,ENSG00000028277
DEDD2,ENSG00000160570
GSK3A,ENSG00000105723
PSG2,ENSG00000242221
PLAUR,ENSG00000011422
ZNF227,ENSG00000131115
BCAM,ENSG00000187244
APOE,ENSG00000130203
APOC1,ENSG00000130208
RELB,ENSG00000104856
KLC3,ENSG00000104892
PPM1N,ENSG00000213889
GIPR,ENSG00000010310
DMPK,ENSG00000104936
DMWD,ENSG00000185800
AC007193.1,ENSG00000268810
GNG8,ENSG00000167414
PRKD2,ENSG00000105287
SLC1A5,ENSG00000105281
AC008622.2,ENSG00000275719
AP2S1,ENSG00000042753
BBC3,ENSG00000105327
C5AR1,ENSG00000197405
NAPA,ENSG00000105402
NUCB1,ENSG00000104805
TEAD2,ENSG00000074219
FLT3LG,ENSG00000090554
NOSIP,ENSG00000142546
IRF3,ENSG00000126456
AP2A1,ENSG00000196961
FUZ,ENSG00000010361
MED25,ENSG00000104973
AKT1S1,ENSG00000204673
TBC1D17,ENSG00000104946
VRK3,ENSG00000105053
NR1H2,ENSG00000131408
SPIB,ENSG00000269404
MYBPC2,ENSG00000086967
CLEC11A,ENSG00000105472
AC008750.5,ENSG00000268520
NKG7,ENSG00000105374
LIM2,ENSG00000105370
FPR1,ENSG00000171051
ZNF836,ENSG00000196267
ZNF528-AS1,ENSG00000269834
ZNF600,ENSG00000189190
ZNF331,ENSG00000130844
LILRB3,ENSG00000204577
LILRB2,ENSG00000131042
LILRA5,ENSG00000187116
LILRA4,ENSG00000239961
LAIR2,ENSG00000167618
KIR2DL3,ENSG00000243772
KIR2DL1,ENSG00000125498
KIR2DL4,ENSG00000189013
KIR3DL1,ENSG00000167633
KIR3DL2,ENSG00000240403
NCR1,ENSG00000189430
TMEM86B,ENSG00000180089
PPP6R1,ENSG00000105063
UBE2S,ENSG00000108106
SHISA7,ENSG00000187902
EPN1,ENSG00000063245
ZNF805,ENSG00000204524
ZNF460,ENSG00000197714
ZNF211,ENSG00000121417
ZNF776,ENSG00000152443
AC020915.1,ENSG00000268201
CHMP2A,ENSG00000130724
MZF1-AS1,ENSG00000267858
TBC1D20,ENSG00000125875
SRXN1,ENSG00000271303
PSMF1,ENSG00000125818
SNPH,ENSG00000101298
SIRPG,ENSG00000089012
SIRPG-AS1,ENSG00000237914
AVP,ENSG00000101200
CDC25B,ENSG00000101224
SMOX,ENSG00000088826
LINC01433,ENSG00000230176
PCNA,ENSG00000132646
AL121757.2,ENSG00000266908
LINC00654,ENSG00000205181
GPCPD1,ENSG00000125772
SHLD1,ENSG00000171984
LAMP5,ENSG00000125869
MACROD2,ENSG00000172264
MGME1,ENSG00000125871
LINC00653,ENSG00000273148
CRNKL1,ENSG00000101343
KIZ,ENSG00000088970
CD93,ENSG00000125810
NAPB,ENSG00000125814
CST3,ENSG00000101439
CST7,ENSG00000077984
APMAP,ENSG00000101474
AL035252.2,ENSG00000230725
FAM182A,ENSG00000125804
AL078587.2,ENSG00000287569
MIR663AHG,ENSG00000227195
HM13-AS1,ENSG00000230613
ID1,ENSG00000125968
BCL2L1,ENSG00000171552
ABALON,ENSG00000281376
TPX2,ENSG00000088325
HCK,ENSG00000101336
ASXL1,ENSG00000171456
AL034550.1,ENSG00000236772
CHMP4B,ENSG00000101421
MMP24OS,ENSG00000126005
FO393401.1,ENSG00000230155
SPAG4,ENSG00000061656
SLA2,ENSG00000101082
TGM2,ENSG00000198959
PPP1R16B,ENSG00000101445
FAM83D,ENSG00000101447
AL023803.2,ENSG00000274825
MAFB,ENSG00000204103
TOP1,ENSG00000198900
PLCG1-AS1,ENSG00000226648
PLCG1,ENSG00000124181
IFT52,ENSG00000101052
MYBL2,ENSG00000101057
TOX2,ENSG00000124191
OSER1,ENSG00000132823
OSER1-DT,ENSG00000223891
TTPAL,ENSG00000124120
SERINC3,ENSG00000132824
PKIG,ENSG00000168734
UBE2C,ENSG00000175063
MMP9,ENSG00000100985
CD40,ENSG00000101017
ZMYND8,ENSG00000101040
AL031666.3,ENSG00000273451
LINC01754,ENSG00000224565
STAU1,ENSG00000124214
ZNFX1,ENSG00000124201
UBE2V1,ENSG00000244687
CEBPB,ENSG00000172216
SMIM25,ENSG00000224397
RIPOR3,ENSG00000042062
BCAS4,ENSG00000124243
KCNG1,ENSG00000026559
NFATC2,ENSG00000101096
LINC01524,ENSG00000234948
TSHZ2,ENSG00000182463
ZNF217,ENSG00000171940
PFDN4,ENSG00000101132
FAM210B,ENSG00000124098
AURKA,ENSG00000087586
RTF2,ENSG00000022277
MTRNR2L3,ENSG00000256222
AL109955.1,ENSG00000218018
RBM38,ENSG00000132819
ZBP1,ENSG00000124256
PMEPA1,ENSG00000124225
TUBB1,ENSG00000101162
PRELID3B,ENSG00000101166
ZNF831,ENSG00000124203
SYCP2,ENSG00000196074
AL162457.1,ENSG00000179253
OSBPL2,ENSG00000130703
LAMA5,ENSG00000130702
GID8,ENSG00000101193
HAR1B,ENSG00000231133
NKAIN4,ENSG00000101198
HELZ2,ENSG00000130589
STMN3,ENSG00000197457
LIME1,ENSG00000203896
MYT1,ENSG00000196132
PCMTD2,ENSG00000203880
FP671120.6,ENSG00000280800
FP671120.7,ENSG00000281383
FP236383.4,ENSG00000280614
FP236383.5,ENSG00000281181
HSPA13,ENSG00000155304
BTG3,ENSG00000154640
CHODL,ENSG00000154645
TMPRSS15,ENSG00000154646
LINC02573,ENSG00000233236
ADAMTS1,ENSG00000154734
AF165147.1,ENSG00000232855
N6AMT1,ENSG00000156239
MAP3K7CL,ENSG00000156265
SOD1,ENSG00000142168
ITSN1,ENSG00000205726
LINC00649,ENSG00000237945
LINC00310,ENSG00000227456
AP000692.2,ENSG00000273199
DYRK1A,ENSG00000157540
SH3BGR,ENSG00000185437
BACE2,ENSG00000182240
MX1,ENSG00000157601
UBASH3A,ENSG00000160185
NDUFV3,ENSG00000160194
FRGCA,ENSG00000236663
AGPAT3,ENSG00000160216
AP001059.2,ENSG00000275799
AIRE,ENSG00000160224
ITGB2-AS1,ENSG00000227039
ADARB1,ENSG00000197381
BX322562.1,ENSG00000273796
COL6A2,ENSG00000142173
FTCD,ENSG00000160282
LSS,ENSG00000160285
MCM3AP-AS1,ENSG00000215424
YBEY,ENSG00000182362
C21orf58,ENSG00000160298
PCNT,ENSG00000160299
DIP2A,ENSG00000160305
S100B,ENSG00000160307
AP000542.3,ENSG00000280341
ATP6V1E1,ENSG00000131100
BCL2L13,ENSG00000099968
MICAL3,ENSG00000243156
AC016027.3,ENSG00000235445
HIRA,ENSG00000100084
GP1BB,ENSG00000203618
TXNRD2,ENSG00000184470
TANGO2,ENSG00000183597
AC006547.1,ENSG00000236540
AC006547.3,ENSG00000268292
DGCR8,ENSG00000128191
LINC00896,ENSG00000236499
CRKL,ENSG00000099942
YPEL1,ENSG00000100027
MAPK1,ENSG00000100030
IGLVI-70,ENSG00000253239
IGLV4-69,ENSG00000211637
IGLV10-54,ENSG00000211642
IGLV8-61,ENSG00000211638
IGLV4-60,ENSG00000211639
IGLV6-57,ENSG00000211640
VPREB1,ENSG00000169575
AC245060.5,ENSG00000274422
IGLV5-52,ENSG00000211643
IGLV1-51,ENSG00000211644
IGLV9-49,ENSG00000223350
IGLV5-48,ENSG00000211647
IGLV1-47,ENSG00000211648
IGLV7-46,ENSG00000211649
IGLV5-45,ENSG00000211650
IGLV1-44,ENSG00000211651
IGLV7-43,ENSG00000211652
IGLV1-40,ENSG00000211653
IGLV3-27,ENSG00000211658
IGLV3-25,ENSG00000211659
IGLV2-23,ENSG00000211660
IGLV3-21,ENSG00000211662
IGLV3-19,ENSG00000211663
IGLV3-16,ENSG00000211665
IGLV2-14,ENSG00000211666
IGLV2-11,ENSG00000211668
IGLV3-10,ENSG00000211669
IGLV3-9,ENSG00000211670
IGLV2-8,ENSG00000278196
IGLV3-1,ENSG00000211673
IGLC1,ENSG00000211675
IGLC2,ENSG00000211677
IGLJ3,ENSG00000211678
IGLC3,ENSG00000211679
IGLC5,ENSG00000254030
IGLC6,ENSG00000222037
IGLC7,ENSG00000211685
GNAZ,ENSG00000128266
IGLL1,ENSG00000128322
RGL4,ENSG00000159496
VPREB3,ENSG00000128218
DERL3,ENSG00000099958
ADORA2A,ENSG00000128271
GUCD1,ENSG00000138867
SGSM1,ENSG00000167037
KIAA1671,ENSG00000197077
AL022323.4,ENSG00000279110
SRRD,ENSG00000100104
TPST2,ENSG00000128294
MIAT,ENSG00000225783
Z99774.1,ENSG00000206028
MIATNB,ENSG00000244625
TTC28-AS1,ENSG00000235954
TTC28,ENSG00000100154
CCDC117,ENSG00000159873
XBP1,ENSG00000100219
Z93930.2,ENSG00000226471
ASCC2,ENSG00000100325
MTMR3,ENSG00000100330
AC003681.1,ENSG00000279159
AC004832.6,ENSG00000273428
SEC14L3,ENSG00000100012
AC004832.1,ENSG00000181123
SEC14L4,ENSG00000133488
SLC35E4,ENSG00000100036
OSBP2,ENSG00000184792
MORC2-AS1,ENSG00000235989
MORC2,ENSG00000133422
SELENOM,ENSG00000198832
PIK3IP1,ENSG00000100100
PIK3IP1-AS1,ENSG00000228839
SFI1,ENSG00000198089
RFPL2,ENSG00000128253
SLC5A4-AS1,ENSG00000242082
FBXO7,ENSG00000100225
SYN3,ENSG00000185666
LARGE1,ENSG00000133424
HMOX1,ENSG00000100292
APOL6,ENSG00000221963
APOL3,ENSG00000128284
TMPRSS6,ENSG00000187045
IL2RB,ENSG00000100385
CARD10,ENSG00000100065
LGALS2,ENSG00000100079
LGALS1,ENSG00000100097
H1F0,ENSG00000189060
GCAT,ENSG00000100116
PLA2G6,ENSG00000184381
AL022322.2,ENSG00000279080
MAFF,ENSG00000185022
GTPBP1,ENSG00000100226
NPTXR,ENSG00000221890
APOBEC3A,ENSG00000128383
APOBEC3D,ENSG00000243811
APOBEC3G,ENSG00000239713
APOBEC3H,ENSG00000100298
CBX7,ENSG00000100307
AL031846.2,ENSG00000279833
PDGFB,ENSG00000100311
SYNGR1,ENSG00000100321
MGAT3,ENSG00000128268
CACNA1I,ENSG00000100346
GRAP2,ENSG00000100351
Z82206.1,ENSG00000225528
FAM83F,ENSG00000133477
TNRC6B,ENSG00000100354
ST13,ENSG00000100380
RBX1,ENSG00000100387
EP300,ENSG00000100393
EP300-AS1,ENSG00000231993
ACO2,ENSG00000100412
DESI1,ENSG00000100418
MEI1,ENSG00000167077
SREBF2-AS1,ENSG00000184068
SHISA8,ENSG00000234965
TNFRSF13C,ENSG00000159958
CYP2D6,ENSG00000100197
Z93241.1,ENSG00000270022
CYB5R3,ENSG00000100243
PRR5,ENSG00000186654
ARHGAP8,ENSG00000241484
PRR34-AS1,ENSG00000241990
TTC38,ENSG00000075234
GTSE1,ENSG00000075218
AL118516.1,ENSG00000260708
TYMP,ENSG00000025708
IL3RA,ENSG00000185291
AL683807.1,ENSG00000223511
XG,ENSG00000124343
WWC3,ENSG00000047644
HCCS,ENSG00000004961
ARHGAP6,ENSG00000047648
TCEANC,ENSG00000176896
OFD1,ENSG00000046651
SYAP1,ENSG00000169895
CNKSR2,ENSG00000149970
SAT1,ENSG00000130066
APOO,ENSG00000184831
ZFX-AS1,ENSG00000234230
TAB3,ENSG00000157625
TAB3-AS2,ENSG00000235512
AL591501.1,ENSG00000233928
LANCL3,ENSG00000147036
XK,ENSG00000047597
CYBB,ENSG00000165168
TSPAN7,ENSG00000156298
AF241728.1,ENSG00000235806
MID1IP1-AS1,ENSG00000238123
AC108879.1,ENSG00000224610
LINC01281,ENSG00000235304
USP9X,ENSG00000124486
CASK,ENSG00000147044
PPP1R2C,ENSG00000102055
MAOA,ENSG00000189221
FUNDC1,ENSG00000069509
CFP,ENSG00000126759
SLC38A5,ENSG00000017483
TBC1D25,ENSG00000068354
WDR13,ENSG00000101940
GATA1,ENSG00000102145
PCSK1N,ENSG00000102109
PQBP1,ENSG00000102103
TIMM17B,ENSG00000126768
PIM2,ENSG00000102096
OTUD5,ENSG00000068308
TFE3,ENSG00000068323
WDR45,ENSG00000196998
GPKOW,ENSG00000068394
FOXP3,ENSG00000049768
AC232271.3,ENSG00000286181
PAGE1,ENSG00000068985
CCNB3,ENSG00000147082
DGKK,ENSG00000274588
AC233976.1,ENSG00000229151
AL158055.1,ENSG00000226530
TSPYL2,ENSG00000184205
HUWE1,ENSG00000086758
GNL3L,ENSG00000130119
ALAS2,ENSG00000158578
PAGE2B,ENSG00000238269
PAGE2,ENSG00000234068
FAM104B,ENSG00000182518
MTRNR2L10,ENSG00000256045
PAGE5,ENSG00000158639
AL050309.1,ENSG00000227486
KLF8,ENSG00000102349
FAAH2,ENSG00000165591
ARHGEF9,ENSG00000131089
VSIG4,ENSG00000155659
YIPF6,ENSG00000181704
EDA,ENSG00000158813
FOXO4,ENSG00000184481
GCNA,ENSG00000147174
CXCR3,ENSG00000186810
LINC00891,ENSG00000281852
NAP1L2,ENSG00000186462
CHIC1,ENSG00000204116
NEXMIF,ENSG00000050030
ATP7A,ENSG00000165240
P2RY10,ENSG00000078589
GPR174,ENSG00000147138
ITM2A,ENSG00000078596
HMGN5,ENSG00000198157
SH3BGRL,ENSG00000131171
POF1B,ENSG00000124429
KLHL4,ENSG00000102271
XKRX,ENSG00000182489
ZMAT1,ENSG00000166432
BEX5,ENSG00000184515
GPRASP1,ENSG00000198932
AL035427.2,ENSG00000286327
BEX1,ENSG00000133169
SLC25A53,ENSG00000269743
ZCCHC18,ENSG00000166707
RADX,ENSG00000147231
FRMPD3,ENSG00000147234
MID2,ENSG00000080561
VSIG1,ENSG00000101842
PSMD10,ENSG00000101843
ATG4A,ENSG00000101844
AMMECR1,ENSG00000101935
ALG13,ENSG00000101901
TRPC5,ENSG00000072315
XIAP-AS1,ENSG00000237331
SH2D1A,ENSG00000183918
TENM1,ENSG00000009694
MBNL3,ENSG00000076770
MOSPD1,ENSG00000101928
SMIM10L2A,ENSG00000178947
LINC00892,ENSG00000233093
CD40LG,ENSG00000102245
MCF2,ENSG00000101977
HMGB3,ENSG00000029993
PRRG3,ENSG00000130032
CETN2,ENSG00000147400
SLC6A8,ENSG00000130821
PDZD4,ENSG00000067840
TKTL1,ENSG00000007350
PLXNA3,ENSG00000130827
FAM3A,ENSG00000071889
MPP1,ENSG00000130830
FUNDC2,ENSG00000165775
CLIC2,ENSG00000155962
VAMP7,ENSG00000124333
ZFY-AS1,ENSG00000233070
KDM5D,ENSG00000012817
TTTY10,ENSG00000229236
EIF1AY,ENSG00000198692
AC009494.2,ENSG00000286247
RPS4Y2,ENSG00000280969
AL592183.1,ENSG00000273748
AC233755.2,ENSG00000277856
AC233755.1,ENSG00000275063
